track_name,artist_name,artist_count,released_year,released_month,released_day,streams,in_spotify_playlists,in_spotify_charts,bpm,key_signature,mode_type,danceability_percent,valence_percent,energy_percent,acousticness_percent,instrumentalness_percent,liveness_percent,speechiness_percent
"Seven (feat. Latto) (Explicit Ver.)","Latto, Jung Kook",2,2023,7,14,553,147,141381703,43,263,45,10,826,125,0,0,80,89
LALA,"Myke Towers",1,2023,3,23,1474,48,133716286,48,126,58,14,382,92,0,0,71,61
vampire,"Olivia Rodrigo",1,2023,6,30,1397,113,140003974,94,207,91,14,949,138,0,0,51,32
"Cruel Summer","Taylor Swift",1,2019,8,23,7858,100,800840817,116,207,125,12,548,170,0,0,55,58
"WHERE SHE GOES","Bad Bunny",1,2023,5,18,3133,50,303236322,84,133,87,15,425,144,0,0,65,23
Sprinter,"Dave, Central Cee",2,2023,6,1,2186,91,183706234,67,213,88,17,946,141,0,0,92,66
"Ella Baila Sola","Eslabon Armado, Peso Pluma",2,2023,3,16,3090,50,725980112,34,222,43,13,418,148,0,0,67,83
Columbia,Quevedo,1,2023,7,7,714,43,58149378,25,89,30,13,194,100,0,0,67,26
fukumean,Gunna,1,2023,5,15,1096,83,95217315,60,210,48,11,953,130,0,0,85,22
"La Bebe - Remix","Peso Pluma, Yng Lvcas",2,2023,3,17,2953,44,553634067,49,110,66,13,339,170,0,0,81,56
"un x100to","Bad Bunny, Grupo Frontera",2,2023,4,17,2876,40,505671438,41,205,54,12,251,83,0,0,57,56
"Super Shy",NewJeans,1,2023,7,7,422,55,58255150,37,202,21,5,168,150,0,0,78,52
Flowers,"Miley Cyrus",1,2023,1,12,12211,115,1316855716,300,215,745,58,1,118,0,0,71,65
Daylight,"David Kushner",1,2023,4,14,3528,98,387570742,80,156,182,24,1,130,0,0,51,32
"As It Was","Harry Styles",1,2022,3,31,23575,130,2147483647,403,198,863,46,0,174,0,0,52,66
"Kill Bill",SZA,1,2022,12,8,8109,77,1163093654,183,162,161,12,187,89,0,0,64,43
"Cupid - Twin Ver.","Fifty Fifty",1,2023,2,24,2942,77,496795686,91,212,78,6,0,120,0,0,78,76
"What Was I Made For? [From The Motion Picture "Barbie"]","Billie Eilish",1,2023,7,13,873,104,30546883,80,227,95,24,1,78,0,0,44,14
"Classy 101","Feid, Young Miko",2,2023,3,31,2610,40,335222234,43,100,54,14,187,100,0,0,86,67
"Like Crazy",Jimin,1,2023,3,24,596,68,363369738,8,104,23,2,29,120,0,0,63,36
"LADY GAGA","Gabito Ballesteros, Junior H, Peso Pluma",3,2023,6,22,332,26,86444842,11,163,10,4,0,140,0,0,65,87
"I Can See You (Taylorï¿½ï¿½ï¿½s Version) (From The ","Taylor Swift",1,2023,7,7,516,38,52135248,73,119,42,1,150,123,0,0,69,82
"I Wanna Be Yours","Arctic Monkeys",1,2013,1,1,12859,110,1297026226,24,98,582,2,73,135,0,0,48,44
"Peso Pluma: Bzrp Music Sessions, Vol. 55","Bizarrap, Peso Pluma",2,2023,5,31,1313,40,200647221,17,152,32,11,139,133,0,0,85,81
"Popular (with Playboi Carti & Madonna) - The Idol Vol. 1 (Music from the HBO Original Series)","The Weeknd, Madonna, Playboi Carti",3,2023,6,2,1945,87,115364561,74,182,87,14,1,99,0,0,85,83
"SABOR FRESA","Fuerza Regida",1,2023,6,22,250,26,78300654,16,149,10,5,168,130,0,0,79,96
"Calm Down (with Selena Gomez)","Rï¿½ï¿½ma, Selena G",2,2022,3,25,7112,77,899183384,202,119,318,38,96,107,0,0,80,82
"MOJABI GHOST","Tainy, Bad Bunny",2,2023,6,29,859,40,61245289,35,109,41,14,211,122,0,0,81,74
"Last Night","Morgan Wallen",1,2023,1,31,2420,19,429829812,52,107,15,1,325,204,0,0,52,52
"Dance The Night (From Barbie The Album)","Dua Lipa",1,2023,5,25,2988,101,127408954,0,0,143,38,0,110,0,0,67,78
Rush,"Troye Sivan",1,2023,7,13,864,78,22581161,71,135,50,1,294,126,0,0,74,35
TULUM,"Peso Pluma, Grupo Frontera",2,2023,6,28,266,34,52294266,20,185,13,8,197,168,0,0,56,63
Creepin',"The Weeknd, 21 Savage, Metro Boomin",3,2022,12,2,6036,88,843957510,113,149,245,23,27,98,0,0,71,17
Anti-Hero,"Taylor Swift",1,2022,10,21,9082,56,999748277,242,142,165,9,310,97,0,0,64,51
TQG,"Karol G, Shakira",2,2023,2,23,4284,49,618990393,115,123,184,18,354,180,0,0,72,61
"Los del Espacio","Big One, Duki, Lit Killah, Maria Becerra, FMK, Rusherking, Emilia, Tiago pzk",8,2023,6,1,1150,31,123122413,22,33,34,7,184,120,0,0,81,63
"Frï¿½ï¿½gil (feat. Grupo Front","Yahritza Y Su Esencia, Grupo Frontera",2,2023,4,7,672,34,188933502,19,108,24,9,212,150,0,0,61,39
"Blank Space","Taylor Swift",1,2014,1,1,11434,53,1355959075,154,123,410,2,81,96,0,0,75,57
Style,"Taylor Swift",1,2014,1,1,7830,42,786181836,94,111,151,4,82,95,0,0,60,48
TQM,"Fuerza Regida",1,2023,5,19,584,28,176553476,16,159,15,6,100,125,0,0,79,96
"El Azul","Junior H, Peso Pluma",2,2023,2,10,692,25,354495408,10,107,6,3,62,144,0,0,56,84
"Sunflower - Spider-Man: Into the Spider-Verse","Post Malone, Swae Lee",2,2018,10,9,24094,78,2147483647,372,117,843,4,69,90,0,0,76,91
"I'm Good (Blue)","Bebe Rexha, David Guetta",2,2022,8,26,12482,80,1109433169,291,184,537,45,727,128,0,0,56,38
"See You Again","Tyler, The Creator, Kali Uchis",3,2017,7,21,13387,64,1047101291,77,58,247,1,311,79,0,0,56,58
"Barbie World (with Aqua) [From Barbie The Album]","Nicki Minaj, Aqua, Ice Spice",3,2023,6,23,1117,80,65156199,82,145,65,16,1,144,0,0,77,75
"Angels Like You","Miley Cyrus",1,2020,11,27,3372,19,570515054,65,48,138,1,102,122,0,0,67,49
"I Ain't Worried",OneRepublic,1,2022,5,13,8431,76,1085685420,241,127,458,37,332,140,0,0,71,82
"Die For You","The Weeknd",1,2016,11,24,2483,59,1647990401,68,21,24,0,259,134,0,0,59,51
Starboy,"The Weeknd, Daft Punk",2,2016,9,21,29536,79,2147483647,281,137,"2,445",1,140,186,0,0,68,49
"Die For You - Remix","Ariana Grande, The Weeknd",2,2023,2,24,3408,47,518745108,87,86,74,1,16,67,0,0,53,50
"El Cielo","Feid, Myke Towers, Sky Rompiendo",3,2023,6,2,1298,38,107753850,44,64,57,10,110,106,0,0,72,17
"Baby Don't Hurt Me","David Guetta, Anne-Marie, Coi Leray",3,2023,4,6,4277,66,177740666,145,111,213,11,810,128,0,0,60,23
AMARGURA,"Karol G",1,2023,2,24,1133,39,153372011,14,71,23,10,176,107,0,0,92,55
"(It Goes Like) Nanana - Edit","Peggy Gou",1,2023,6,15,2259,59,57876440,0,0,109,17,0,130,0,0,67,96
"Another Love","Tom Odell",1,2012,10,15,18371,83,1813673666,250,122,"3,394",19,0,123,0,0,45,13
"Blinding Lights","The Weeknd",1,2019,11,29,43899,69,2147483647,672,199,"3,421",20,0,171,0,0,50,38
Moonlight,"Kali Uchis",1,2023,2,24,2649,42,256483385,67,79,57,1,615,137,0,0,64,88
"La Bachata","Manuel Turizo",1,2022,5,26,6804,45,1214083358,139,111,161,15,210,125,0,0,84,85
S91,"Karol G",1,2023,7,14,525,41,16011326,34,115,39,6,216,128,0,0,86,42
cardigan,"Taylor Swift",1,2020,7,24,7923,29,812019557,106,112,142,4,215,130,0,0,61,53
Tï¿½ï¿,"dennis, MC Kevin o Chris",2,2023,5,4,731,15,111947664,27,17,73,4,167,130,0,0,86,59
"Boy's a liar Pt. 2","PinkPantheress, Ice Spice",2,2023,2,3,5184,41,156338624,154,84,102,14,37,133,0,0,70,86
"Left and Right (Feat. Jung Kook of BTS)","Charlie Puth, BTS, Jung Kook",3,2022,6,24,3107,39,720434240,38,0,4,0,0,101,0,0,88,72
BESO,"Rauw Alejandro, ROSALï¿½",2,2023,3,24,4053,50,357925728,82,121,182,12,171,95,0,0,77,53
"Hey Mor","Ozuna, Feid",2,2022,10,6,4637,38,674072710,63,79,89,11,16,98,0,0,90,40
Yellow,"Chris Molitor",1,1999,1,1,31358,43,1755214421,196,2,"4,053",5,0,173,0,0,43,28
Karma,"Taylor Swift",1,2022,10,21,3818,23,404562836,37,55,32,0,272,90,0,0,64,10
People,Libianca,1,2022,12,2,3506,56,373199958,105,64,169,8,529,198,0,0,59,71
Overdrive,"Post Malone",1,2023,7,14,410,36,14780425,36,32,31,1,26,140,0,0,56,48
"Enchanted (Taylor's Version)","Taylor Swift",1,2023,7,7,148,24,39578178,32,93,8,2,5,82,0,0,51,22
"BABY HELLO","Rauw Alejandro, Bizarrap",2,2023,6,23,1004,35,54266102,42,80,58,3,169,130,0,0,77,84
"Heat Waves","Glass Animals",1,2020,6,28,22543,63,2147483647,386,144,707,28,0,81,0,0,76,53
"golden hour",JVKE,1,2022,7,15,4511,36,751134527,70,58,109,18,230,94,0,0,51,14
"Sweater Weather","The Neighbourhood",1,2012,5,14,16413,61,2147483647,166,87,"1,056",1,0,124,0,0,61,41
"Quevedo: Bzrp Music Sessions, Vol. 52","Bizarrap, Quevedo",2,2022,7,6,8506,45,1356565093,94,65,164,14,176,128,0,0,62,55
"Viva La Vida",Coldplay,1,2008,1,1,33898,62,1592909789,233,0,"4,095",9,0,138,0,0,49,42
"Here With Me",d4vd,1,2022,7,17,3246,23,635412045,94,85,68,1,84,132,0,0,58,27
"Unholy (feat. Kim Petras)","Sam Smith, Kim Petras",2,2022,9,22,8576,42,1230675890,216,108,331,26,154,131,0,0,71,24
"Yandel 150","Yandel, Feid",2,2022,12,20,3618,38,585695368,47,74,80,14,194,168,0,0,78,58
"CORAZï¿½ï¿½N VA","Maria Becerra",1,2023,6,22,370,20,43857627,12,16,18,4,93,98,0,0,68,40
Riptide,"Vance Joy",1,1975,1,1,31123,55,2009094673,300,65,"1,003",1,0,102,0,0,48,50
"Until I Found You (with Em Beihold) - Em Beihold Version","Em Beihold, Stephen Sanchez",2,2022,4,22,2790,30,600976848,60,96,71,0,115,101,0,0,34,32
"Novidade na ï¿½ï¿","Mc Livinho, DJ Matt D",2,2023,6,23,267,9,39709092,9,6,25,2,72,130,0,0,63,36
"Back To December (Taylor's Version)","Taylor Swift",1,2023,7,7,139,17,39228929,16,72,5,0,8,142,0,0,50,20
"STAY (with Justin Bieber)","Justin Bieber, The Kid Laroi",2,2021,7,9,17050,36,2147483647,492,99,798,31,0,170,0,0,59,48
"El Merengue","Marshmello, Manuel Turizo",2,2023,3,3,2114,44,223633238,80,75,110,11,323,124,0,0,78,70
"Someone You Loved","Lewis Capaldi",1,2018,11,8,17836,53,2147483647,440,125,"1,800",0,0,110,0,0,50,45
"Me Porto Bonito","Chencho Corleone, Bad Bunny",2,2022,5,6,8870,43,1440757818,104,120,141,26,49,92,0,0,91,43
Makeba,Jain,1,2015,6,22,6060,53,165484133,150,148,"2,703",22,1,116,0,0,82,40
"MONTAGEM - FR PUNK","Ayparia, unxbected",2,2012,6,20,641,50,58054811,1,52,8,0,1,129,0,0,63,84
"Fast Car","Luke Combs",1,2023,3,24,1446,12,157058870,57,97,35,0,429,98,0,0,71,67
"What It Is (Solo Version)",Doechii,1,2023,3,17,804,25,95131998,29,76,24,0,162,172,0,0,74,76
"Coco Chanel","Bad Bunny, Eladio Carrion",2,2023,3,17,1962,38,250305248,28,89,29,5,82,150,0,0,68,14
"Donï¿½ï¿½ï¿½t Bl","Taylor Swift",1,2017,11,8,4875,23,685032533,19,45,0,0,10,136,0,0,62,19
"Still With You","Jung Kook",1,2020,6,5,31,39,38411956,2,107,8,0,0,88,0,0,53,34
"All My Life (feat. J. Cole)","J. Cole, Lil Durk",2,2023,5,12,2175,23,144565150,69,145,69,2,478,143,0,0,83,69
"Say Yes To Heaven","Lana Del Rey",1,2023,3,17,2000,46,127567540,49,105,63,1,0,100,0,0,49,17
Snooze,SZA,1,2022,12,9,2839,25,399686758,58,156,42,1,236,143,0,0,56,39
"Summertime Sadness","Lana Del Rey",1,2011,1,1,20333,52,983637508,89,143,"1,632",3,200,112,0,0,56,24
"Take Two",BTS,1,2023,6,9,674,47,118482347,20,106,25,4,78,93,0,0,62,57
Lover,"Taylor Swift",1,2012,1,1,8448,23,882831184,160,110,163,0,5,206,0,0,43,50
"Too Many Nights (feat. Don Toliver & with Future)","Future, Metro Boomin, Don Toliver",3,2022,12,2,2110,58,286400165,17,119,19,2,266,88,0,0,68,17
Chemical,"Post Malone",1,2023,4,14,2528,39,172825906,56,91,59,3,486,170,0,0,50,37
Mockingbird,Eminem,1,2004,1,1,12985,61,1241559043,49,98,"2,394",5,204,84,0,0,62,24
"New Jeans",NewJeans,1,2023,7,7,77,35,29562220,8,166,4,4,34,134,0,0,81,53
"Primera Cita","Carin Leon",1,2022,4,20,266,27,77309611,6,40,6,6,202,158,0,0,54,50
"Cold Heart - PNAU Remix","Dua Lipa, Elton John, Pnau",3,2017,11,10,21097,52,1605224506,384,135,"1,034",37,312,116,0,0,80,92
Dandelions,"Ruth B.",1,2017,4,28,3423,21,1116995633,41,100,59,1,32,117,0,0,61,45
Bones,"Imagine Dragons",1,2021,3,11,4198,44,838079900,98,108,327,17,153,114,0,0,77,65
"Set Fire to the Rain",Adele,1,2011,1,1,14739,43,1163620694,88,112,"2,163",5,519,108,0,0,61,47
"Money Trees","Kendrick Lamar, Jay Rock",2,2012,1,1,26792,32,1093605526,69,113,695,0,458,144,0,0,74,37
"Tak Segampang Itu","Anggi Marito",1,2022,12,2,213,6,179659294,7,6,0,0,48,130,0,0,51,18
LAGUNAS,"Jasiel Nuï¿½ï¿½ez, Peso P",2,2023,6,22,58,18,39058561,2,106,4,2,184,116,0,0,77,79
"Mine (Taylor's Version)","Taylor Swift",1,2023,7,7,99,15,36912123,21,52,6,1,0,121,0,0,65,49
"Everybody Wants To Rule The World","Tears For Fears",1,1985,2,17,41751,25,1205951614,101,32,"2,655",0,666,112,0,0,64,54
"No Role Modelz","J. Cole",1,2014,12,9,21164,36,1791000570,80,65,476,0,14,100,0,0,70,47
Tattoo,Loreen,1,2023,2,25,2988,59,201660859,74,102,145,18,925,150,0,0,55,30
"Rara Vez","Taiu, Milo j",2,2023,2,8,893,38,248088961,19,23,24,3,88,120,0,0,84,96
VAGABUNDO,"Sebastian Yatra, Manuel Turizo, Beï¿½ï",3,2023,5,12,1094,34,90839753,40,58,47,8,203,127,0,0,82,89
august,"Taylor Swift",1,2020,7,24,7324,22,607123776,25,81,61,1,44,90,0,0,51,42
LUNA,"Junior H, Peso Pluma",2,2023,6,22,201,11,55842345,19,117,8,1,74,128,0,0,75,79
"Miracle (with Ellie Goulding)","Calvin Harris, Ellie Goulding",2,2023,3,10,5120,48,211050784,161,115,246,9,638,143,0,0,64,31
Nonsense,"Sabrina Carpenter",1,2022,7,15,2346,27,342897938,69,12,38,8,64,139,0,0,74,68
"Que Vuelvas","Carin Leon, Grupo Frontera",2,2022,12,9,763,26,2762,21,110,21,9,71,162,0,0,49,78
"Por las Noches","Peso Pluma",1,2021,6,11,457,24,330346424,8,116,4,3,2,92,0,0,81,39
"Feliz Cumpleaï¿½ï¿½os Fe",Feid,1,2022,8,19,3430,38,601863821,45,69,52,4,3,95,0,0,87,57
"Can't Hold Us (feat. Ray Dalton)","Ray Dalton, Ryan Lewis, Macklemore",3,2011,8,16,6074,52,1953533826,201,44,"6,551",2,0,146,0,0,63,88
"Watermelon Sugar","Harry Styles",1,2019,11,17,21915,34,2147483647,437,115,"1,212",12,0,95,0,0,55,56
"lovely - Bonus Track","Billie Eilish, Khalid",2,2017,8,11,15032,30,2147483647,221,96,"1,078",2,136,115,0,0,35,12
"Rauw Alejandro: Bzrp Music Sessions, Vol. 56","Rauw Alejandro, Bizarrap",2,2023,6,21,871,32,66902503,25,59,32,5,88,128,0,0,78,59
Queencard,(G)I-DLE,1,2023,5,15,451,33,96273746,10,126,7,0,148,130,0,0,82,69
OMG,NewJeans,1,2023,1,2,1783,27,430977451,26,124,15,1,22,127,0,0,80,74
Radio,"Lana Del Rey",1,2011,1,1,9389,46,284819874,24,122,282,3,368,150,0,0,42,20
"Shakira: Bzrp Music Sessions, Vol. 53","Shakira, Bizarrap",2,2023,1,11,5724,44,721975598,119,108,254,29,22,122,0,0,78,50
505,"Arctic Monkeys",1,2007,4,20,13985,25,1217120710,30,80,588,1,1,140,0,0,52,20
"Calling (Spider-Man: Across the Spider-Verse) (Metro Boomin & Swae Lee, NAV, feat. A Boogie Wit da Hoodie)","Swae Lee, A Boogie Wit da Hoodie, Metro Boomin, NAV",4,2023,6,2,1051,16,109276132,31,37,31,0,189,140,0,0,63,22
"Trance (with Travis Scott & Young Thug)","Travis Scott, Young Thug, Metro Boomin",3,2022,12,2,1682,46,276259178,24,90,30,1,176,119,0,0,75,48
"Tere Vaaste (From "Zara Hatke Zara Bachke")","Sachin-Jigar, Shadab Faridi, Altamash Faridi, Amitabh Bhattacharya, Varun Jain",5,2023,5,22,182,8,54225632,3,88,1,0,52,110,0,0,76,96
Perfect,"Ed Sheeran",1,2017,1,1,16596,13,2147483647,7,0,"2,094",0,0,95,0,0,60,17
"Romantic Homicide",d4vd,1,2022,7,20,2335,23,681583126,82,55,50,0,9,132,0,0,56,20
Believer,"Imagine Dragons",1,2017,1,31,18986,23,2147483647,250,121,"2,969",10,31,125,0,0,77,74
"Novo Balanï¿½","Veigh, Bvga Beatz, Supernova Ent, Prod Malax",4,2023,5,19,283,7,81102253,6,9,26,1,66,124,0,0,84,65
"Gol Bolinha, Gol Quadrado 2","Mc Pedrinho, DJ 900",2,2023,6,1,293,8,11956641,5,2,30,2,66,133,0,0,93,68
"Without Me",Eminem,1,2002,1,1,21081,43,1687664027,98,76,"3,889",5,0,112,0,0,92,67
QUEMA,"Sog, Ryan Castro, Peso Pluma",3,2023,7,13,437,31,11599388,17,29,26,3,208,97,0,0,79,92
"Stargirl Interlude","The Weeknd, Lana Del Rey",2,2016,11,24,1275,32,611700552,13,8,5,0,1,90,0,0,59,52
"Ojitos Lindos","Bomba Estï¿½ï¿½reo, Bad B",2,2022,5,6,6135,38,1133865788,71,113,99,13,28,80,0,0,65,27
"Somewhere Only We Know",Keane,1,2004,1,1,20015,16,1089402494,107,69,"5,239",0,558,172,0,0,45,33
"Those Eyes","New West",1,2019,5,10,1507,14,411747614,24,71,44,1,195,120,0,0,60,24
"El Gordo Trae El Mando","Chino Pacas",1,2023,1,27,539,21,255932395,7,71,4,2,13,140,0,0,74,96
"Mi Bello Angel","Natanael Cano",1,2023,6,30,86,8,31873544,7,76,3,1,93,128,0,0,81,90
Bye,"Peso Pluma",1,2023,5,26,324,14,95053634,13,110,8,2,60,122,0,0,78,70
"Danza Kuduro","Don Omar, Lucenzo",2,2010,1,1,17138,37,1279434863,119,81,974,1,503,130,0,0,47,86
"Nosso Quadro","Ana Castela, AgroPlay",2,2023,2,2,894,9,233801632,14,88,66,3,72,160,0,0,69,61
"Locked Out Of Heaven","Bruno Mars",1,2012,12,5,1622,9,1481349984,0,0,356,0,0,144,0,0,73,87
"Un Finde | CROSSOVER #2","Big One, FMK, Ke personajes",3,2023,4,4,561,14,142095275,4,14,12,5,56,192,0,0,50,85
"Jimmy Cooks (feat. 21 Savage)","Drake, 21 Savage",2,2022,6,17,5871,27,618885532,81,121,58,1,34,163,0,0,54,40
"Counting Stars",OneRepublic,1,2013,1,1,29215,43,2011464183,179,97,"3,394",11,153,122,0,0,66,48
Ghost,"Justin Bieber",1,2021,3,19,5866,24,1167330737,107,38,95,0,0,154,0,0,61,41
"Under The Influence","Chris Brown",1,2019,10,4,3859,26,929964809,133,181,3,0,0,117,0,0,73,31
PRC,"Natanael Cano, Peso Pluma",2,2023,1,23,961,26,436027885,19,143,10,6,15,138,0,0,78,89
Gasolina,"Daddy Yankee",1,2004,7,13,6457,18,657723613,98,95,453,0,454,96,0,0,86,74
"One Dance","Drake, WizKid, Kyla",3,2016,4,4,43257,24,2147483647,433,107,"3,631",0,26,104,0,0,77,36
Enchanted,"Taylor Swift",1,2010,1,1,4564,16,621660989,24,101,113,0,40,164,0,0,45,24
"Save Your Tears","The Weeknd",1,2020,3,20,12688,13,1591223784,197,115,112,0,200,118,0,0,68,61
"Sure Thing",Miguel,1,2010,5,25,13801,19,950906471,137,125,435,6,285,81,0,0,68,51
"Every Breath You Take - Remastered 2003","The Police",1,1983,1,6,22439,19,1593270737,211,74,929,0,129,117,0,0,82,73
"The Night We Met","Lord Huron",1,2015,2,2,18515,35,1410088830,70,82,939,1,162,174,0,0,45,10
"We Found Love","Rihanna, Calvin Harris",2,2011,1,1,36843,21,1235005533,321,91,"4,607",1,58,128,0,0,73,60
"When I Was Your Man","Bruno Mars",1,2012,12,5,2420,11,1661187319,0,0,806,0,0,145,0,0,60,43
"Let Me Down Slowly","Alec Benjamin",1,2018,5,25,5897,19,1374581173,0,0,885,0,0,150,0,0,65,51
"Am I Dreaming (Metro Boomin & A$AP Rocky, Roisee)","A$AP Rocky, Metro Boomin, Roisee",3,2023,6,2,727,16,94186466,17,60,28,1,44,90,0,0,60,13
"Do I Wanna Know?","Arctic Monkeys",1,2013,1,1,33783,26,1788326445,133,92,"2,733",1,26,85,0,0,55,42
Demons,"Imagine Dragons",1,2012,1,1,26694,13,1840364617,65,82,"3,425",4,13,180,0,0,33,38
ýýýýýýýýýýýý,YOASOBI,1,2023,4,12,356,16,143573775,35,102,8,1,117,166,0,0,57,84
Reminder,"The Weeknd",1,2016,11,25,6518,17,684675814,45,85,238,1,47,160,0,0,71,40
"Shake It Off","Taylor Swift",1,2014,1,1,21335,13,1113838873,328,70,"1,378",9,20,160,0,0,65,95
"Why'd You Only Call Me When You're High?","Arctic Monkeys",1,2013,1,1,23389,29,1267333350,54,70,"1,089",2,1,92,0,0,70,81
SNAP,"Rosa Linn",1,2022,3,19,3202,18,726307468,148,80,226,24,0,170,0,0,56,53
"Shape of You","Ed Sheeran",1,2017,1,6,32181,10,2147483647,33,0,"6,808",7,0,96,0,0,83,93
"Night Changes","One Direction",1,2014,11,17,7124,18,1131090940,60,20,2,0,0,120,0,0,67,40
"Fin de Semana","Oscar Maydon, Junior H",2,2023,1,13,592,14,307370144,11,84,6,1,30,98,0,0,70,37
Creep,Radiohead,1,1992,9,21,36724,7,1271293243,146,72,"6,807",5,80,92,0,0,53,12
"Car's Outside","James Arthur",1,2019,10,18,794,10,265882712,38,25,61,0,263,150,0,0,34,24
Apocalypse,"Cigarettes After Sex",1,2017,3,21,13091,17,841749534,61,96,790,2,116,94,0,0,37,17
Cheques,Shubh,1,2023,5,19,67,8,47956378,7,10,0,0,57,90,0,0,74,36
"Pink + White","Frank Ocean",1,2016,8,20,21574,30,806397070,112,68,266,1,39,160,0,0,54,54
Circles,"Post Malone",1,2019,8,30,19664,16,2132335812,391,73,633,3,37,120,0,0,70,59
"Just The Way You Are","Bruno Mars",1,2010,1,1,21106,13,1641426668,82,0,"2,946",0,0,109,0,0,63,46
"Take Me To Church",Hozier,1,2013,9,13,23804,31,2135158446,187,99,"4,623",1,0,129,0,0,57,41
"Bebe Dame","Fuerza Regida, Grupo Frontera",2,2022,12,16,849,22,367316268,27,129,21,7,111,157,0,0,54,75
"You Belong With Me (Taylorï¿½ï¿½ï¿½s Ve","Taylor Swift",1,2021,4,9,2619,12,350381515,47,90,1,0,7,130,0,0,63,49
"Titi Me Preguntï¿","Bad Bunny",1,2022,5,6,9037,42,1264310836,124,133,139,14,166,107,0,0,65,19
"Better Than Revenge (Taylor's Version)","Taylor Swift",1,2023,7,7,86,11,30343206,3,33,3,0,1,146,0,0,50,67
"Shut up My Moms Calling","Hotel Ugly",1,2020,2,10,1788,14,405136812,1,50,19,0,19,139,0,0,48,37
"Have You Ever Seen The Rain?","Creedence Clearwater Revival",1,1968,7,1,15890,14,1145727611,71,37,653,0,167,116,0,0,74,76
"Es un Secreto","Plan B",1,2010,7,20,492,36,540654286,4,3,19,0,0,95,0,0,84,52
"POLARIS - Remix","Feid, Mora, Saiko, Quevedo",4,2023,6,8,773,33,57312735,20,46,21,8,99,170,0,0,62,55
Ditto,NewJeans,1,2022,12,19,1154,22,397582059,28,125,11,1,51,134,0,0,81,18
"Take On Me",a-ha,1,1984,10,19,44927,17,1479115056,34,0,"5,108",6,0,84,0,0,57,86
"Annihilate (Spider-Man: Across the Spider-Verse) (Metro Boomin & Swae Lee, Lil Wayne, Offset)","Swae Lee, Lil Wayne, Offset, Metro Boomin",4,2023,6,2,551,4,86773632,13,46,20,1,10,146,0,0,61,20
"Angel Pt 1 (feat. Jimin of BTS, JVKE & Muni Long)","Kodak Black, NLE Choppa, Muni Long, JVKE, Jimin",5,2023,5,1,577,14,133753727,22,18,15,1,0,74,0,0,53,24
Acrï¿½ï¿½s,Shakira,1,2023,5,11,955,29,123124076,37,50,79,11,31,144,0,0,75,35
AMG,"Natanael Cano, Gabito Ballesteros, Peso Pluma",3,2022,11,24,995,19,463564958,12,117,9,5,3,136,0,0,77,79
"Phir Aur Kya Chahiye (From "Zara Hatke Zara Bachke")","Arijit Singh, Sachin-Jigar, Amitabha Bhattacharya",3,2023,5,15,178,6,64533040,6,71,1,0,31,100,0,0,56,53
S-Class,"Stray Kids",1,2023,6,2,290,19,65496046,9,101,5,0,73,105,0,0,89,67
"Hits Different","Taylor Swift",1,2023,5,26,547,0,68616963,15,15,6,0,0,106,0,0,67,24
Chanel,"Becky G, Peso Pluma",2,2023,3,30,681,10,161460990,15,92,21,2,26,132,0,0,85,53
"Self Love (Spider-Man: Across the Spider-Verse) (Metro Boomin & Coi Leray)","Metro Boomin, Coi Leray",2,2023,6,2,332,5,70106975,18,41,5,0,19,120,0,0,78,5
"Area Codes","Kaliii, Kaliii",2,2023,3,17,1197,13,113509496,44,34,25,1,171,155,0,0,82,51
Abcdario,"Junior H, Eden Muï¿½ï",2,2023,5,13,262,5,89933133,8,60,4,1,109,129,0,0,70,42
Obsessed,"Abhijay Sharma, Riar Saab",2,2022,9,29,161,6,71007139,10,79,2,0,42,135,0,0,80,85
"Piï¿½ï¿½man Deï¿","Semicenk, Doï¿½ï¿½u ",2,2023,6,2,185,3,43522589,5,6,4,1,33,98,0,0,73,45
FLOWER,JISOO,1,2023,3,31,839,18,232896922,20,110,20,0,69,124,0,0,84,64
"All The Way Live (Spider-Man: Across the Spider-Verse) (Metro Boomin & Future, Lil Uzi Vert)","Future, Lil Uzi Vert, Metro Boomin",3,2023,6,2,259,0,37126685,5,17,5,0,0,135,0,0,77,28
"Eyes Closed","Ed Sheeran",1,2023,3,23,2915,30,195576623,116,69,107,3,675,107,0,0,78,39
Escapism.,"RAYE, 070 Shake",2,2022,10,12,5129,25,532336353,116,84,114,18,348,96,0,0,54,25
"La Jumpa","Arcangel, Bad Bunny",2,2022,11,30,3794,34,538115192,47,77,53,10,8,123,0,0,71,58
"Karma (feat. Ice Spice)","Taylor Swift, Ice Spice",2,2023,5,26,588,0,46142772,23,21,31,0,0,90,0,0,62,7
"Superhero (Heroes & Villains) [with Future & Chris Brown]","Future, Chris Brown, Metro Boomin",3,2022,12,2,2959,16,401036314,41,69,38,0,36,117,0,0,72,45
"Las Morras","BLESSD, Peso Pluma",2,2023,4,4,291,8,127026613,8,78,4,1,1,133,0,0,78,90
"CHORRITO PA LAS ANIMAS",Feid,1,2022,12,2,2321,36,345031710,29,65,34,5,3,96,0,0,74,61
"Ch y la Pizza","Fuerza Regida, Natanael Cano",2,2022,12,1,536,10,288101651,10,72,8,3,14,149,0,0,66,85
"Snow On The Beach (feat. More Lana Del Rey)","Lana Del Rey, Taylor Swift",2,2023,5,26,359,2,60350538,1,0,9,0,0,110,0,0,66,32
Players,"Coi Leray",1,2022,11,30,4096,6,335074782,118,48,143,0,240,105,0,0,95,62
"Bite Me",ENHYPEN,1,2023,5,22,349,69,76767396,8,96,5,0,56,105,0,0,80,69
"Stand By Me (feat. Morgan Wallen)","Lil Durk, Morgan Wallen",2,2023,5,26,381,5,46065667,23,82,6,0,113,134,0,0,76,61
Normal,Feid,1,2022,7,8,2461,36,459276435,47,66,45,5,6,170,0,0,71,59
"Hummingbird (Metro Boomin & James Blake)","James Blake, Metro Boomin",2,2023,6,2,277,1,39666245,1,20,5,0,1,81,0,0,59,26
"Seu Brilho Sumiu - Ao Vivo","Israel & Rodolffo, Mari Fernandez",2,2023,3,1,967,5,138517666,7,29,51,1,29,154,0,0,63,75
"Bad Habit","Steve Lacy",1,2022,6,29,8186,12,822633917,155,72,131,16,29,169,0,0,69,69
"CUFF IT",Beyoncï¿,1,2022,7,29,7842,10,595900742,215,88,330,26,23,115,0,0,78,64
"Lilith (feat. SUGA of BTS) (Diablo IV Anthem)","Halsey, Suga",2,2023,6,5,215,6,51985779,6,14,8,2,4,84,0,0,43,14
69,"Nicky Jam, Feid",2,2023,5,18,1134,22,57945987,39,14,48,2,3,93,0,0,79,58
"Niï¿½ï¿½a Bo","Sean Paul, Feid",2,2023,4,21,1305,34,115010040,29,26,43,5,44,91,0,0,82,47
"Search & Rescue",Drake,1,2023,4,7,2066,6,175097833,58,70,43,0,182,142,0,0,82,54
"AMERICA HAS A PROBLEM (feat. Kendrick Lamar)","Kendrick Lamar, Beyoncï¿",2,2023,5,19,896,0,57089066,34,2,33,0,1,126,0,0,78,20
"Lavender Haze","Taylor Swift",1,2022,10,21,3763,8,488386797,51,43,38,10,1,97,0,0,73,10
"Link Up (Metro Boomin & Don Toliver, Wizkid feat. BEAM & Toian) - Spider-Verse Remix (Spider-Man: Across the Spider-Verse )","WizKid, Toian, Metro Boomin, Don Toliver, Beam",5,2023,6,2,197,0,32761689,3,10,3,0,0,101,0,0,92,59
Efecto,"Bad Bunny",1,2022,5,6,4004,33,1047480053,34,65,43,6,2,98,0,0,80,23
"Erro Gostoso - Ao Vivo","Simone Mendes",1,2023,1,27,984,5,153454328,8,57,76,2,49,154,0,0,59,63
Cupido,Tini,1,2023,2,14,1240,24,217672943,51,29,63,4,54,120,0,0,91,63
"Just Wanna Rock","Lil Uzi Vert",1,2022,10,17,3995,13,457184829,72,27,47,0,0,150,0,0,49,4
Unstoppable,Sia,1,2016,1,21,7681,13,939844851,119,66,"1,145",2,0,174,0,0,47,27
"Until I Found You","Stephen Sanchez",1,2021,9,1,4427,4,726434358,69,100,154,20,438,202,0,0,34,25
"Rich Flex","Drake, 21 Savage",2,2022,11,4,4657,18,573633020,84,84,42,0,23,153,0,0,56,42
"Easy On Me",Adele,1,2021,10,14,10195,20,1406111294,258,87,657,22,9,142,0,0,60,13
"Cartï¿½ï¿½o B","MC Caverinha, KayBlack",2,2023,5,11,269,4,71573339,7,2,30,1,11,108,0,0,84,55
"Danger (Spider) (Offset & JID)","Offset, JID",2,2023,6,2,214,0,24975653,3,3,6,0,0,143,0,0,83,25
"Oi Balde - Ao Vivo","Zï¿½ï¿½ Neto & Crist",1,2023,2,14,845,2,145458418,12,57,47,1,33,108,0,0,67,55
"The Real Slim Shady",Eminem,1,2000,1,1,20763,27,1424589568,81,53,"3,271",1,17,104,0,0,95,78
MERCHO,"Migrantes, LiL CaKe, Nico Valdi",3,2022,12,16,1267,20,231332117,41,22,56,4,84,93,0,0,84,96
"The Color Violet","Tory Lanez",1,2021,12,10,2585,32,415932686,3,79,21,1,54,105,0,0,65,46
"Glimpse of Us",Joji,1,2022,6,10,6330,6,988515741,109,42,158,3,31,170,0,0,44,27
"Mejor Que Yo","Mambo Kingz, DJ Luian, Anuel Aa",3,2023,5,4,675,1,50847624,9,13,11,0,1,178,0,0,62,56
Curtains,"Ed Sheeran",1,2023,5,5,715,0,39893489,37,3,27,0,50,176,0,0,50,44
"UNFORGIVEN (feat. Nile Rodgers)","Nile Rodgers, LE SSERAFIM",2,2023,5,1,327,13,92035115,14,110,9,0,49,104,0,0,80,38
Haegeum,"Agust D",1,2023,4,21,244,12,118810253,6,84,10,2,9,85,0,0,70,83
"Conexï¿½ï¿½es de Mï¿½ï¿½fia (feat. Rich ","Rich The Kid, Matuï¿",2,2023,4,30,385,4,77233241,17,7,41,1,29,117,0,0,77,69
"MIENTRAS ME CURO DEL CORA","Karol G",1,2023,2,24,1020,35,206399629,15,26,30,6,0,80,0,0,52,57
"Never Felt So Alone",Labrinth,1,2023,4,7,1730,3,117747907,46,5,51,0,20,98,0,0,44,36
"X SI VOLVEMOS","Karol G, Romeo Santos",2,2023,2,2,2127,33,266624541,45,80,53,8,4,178,0,0,79,58
ceilings,"Lizzy McAlpine",1,2022,4,8,3242,9,293186992,67,55,48,0,6,148,0,0,51,27
Cupid,"Fifty Fifty",1,2023,2,24,526,10,139681964,15,93,30,0,320,120,0,0,77,94
"I AM",IVE,1,2023,4,10,366,15,123132751,16,102,7,0,55,122,0,0,68,38
"Cupid ï¿½ï¿½ï¿½ Twin Ver. (FIFTY FIFTY) ï¿½ï¿½ï¿½ Spe","sped up 8282",1,1997,1,1,472,2,103762518,0,0,6,0,0,144,0,0,74,75
"Shorty Party","Cartel De Santa, La Kelly",2,2023,3,4,432,12,162887075,8,14,12,2,33,96,0,0,93,47
Super,SEVENTEEN,1,2023,4,24,271,12,91221625,16,103,9,0,55,137,0,0,77,35
"Slut Me Out","NLE Choppa",1,2022,4,22,816,4,190490915,21,4,13,0,4,121,0,0,94,71
"Double Fantasy (with Future)","The Weeknd, Future",2,2023,4,21,1169,0,96180277,36,65,28,0,0,119,0,0,60,10
"All Of The Girls You Loved Before","Taylor Swift",1,2019,8,23,1282,6,185240616,26,6,19,0,5,96,0,0,72,40
PROVENZA,"Karol G",1,2022,4,21,6587,34,885093467,114,104,147,11,20,111,0,0,87,53
"Princess Diana (with Nicki Minaj)","Nicki Minaj, Ice Spice",2,2023,4,14,1444,4,104992946,0,0,0,0,0,148,0,0,90,74
"Di Que Si","Grupo Marca Registrada, Grupo Frontera",2,2023,2,3,356,10,147290338,4,64,4,2,37,182,0,0,57,80
Shivers,"Ed Sheeran",1,2021,9,9,10147,30,1302184087,234,71,543,18,0,141,0,0,79,82
"Igualito a Mi Apï¿","Fuerza Regida, Peso Pluma",2,2022,12,30,265,6,158950978,8,84,5,1,4,145,0,0,76,80
"Shoong! (feat. LISA of BLACKPINK)","TAEYANG, Lisa",2,2023,4,25,351,9,76910644,16,90,10,0,64,110,0,0,76,26
Komang,"Raim Laode",1,2022,8,16,158,4,137123880,5,6,1,1,18,134,0,0,70,35
DESPECHï¿,ROSALï¿½,1,2022,7,28,7613,33,782369383,180,90,422,15,55,130,0,0,92,78
"Made You Look","Meghan Trainor",1,2022,10,21,3956,6,502574952,142,23,127,3,16,145,0,0,84,88
"Watch This - ARIZONATEARS Pluggnb Remix","sped up nightcore, ARIZONATEARS, Lil Uzi Vert",3,2023,2,5,1638,10,207033255,0,0,21,0,0,130,0,0,69,36
"No Se Va","Grupo Frontera",1,2022,4,28,924,18,404887295,17,80,22,9,38,173,0,0,59,69
"Punto G",Quevedo,1,2022,11,4,1985,35,381161027,34,26,37,5,1,92,0,0,75,55
"Lovers Rock","TV Girl",1,2014,6,5,6339,13,466231982,3,1,36,1,37,105,0,0,56,57
METAMORPHOSIS,INTERWORLD,1,2021,11,25,1561,24,357580552,18,78,24,0,30,175,0,0,59,15
"Mami Chula","Quevedo, Jhayco",2,2023,4,27,875,4,61105704,17,13,27,0,43,120,0,0,80,33
"En Paris","El Chachito, Junior H",2,2022,12,24,406,5,198275403,3,31,2,1,0,139,0,0,70,77
"Set Me Free Pt.2",Jimin,1,2023,3,17,340,13,168448603,4,71,16,1,9,132,0,0,59,56
"I Was Never There","The Weeknd, Gesaffelstein",2,2018,3,29,4188,15,705469769,30,70,142,0,27,114,0,0,32,17
"Don't ever say love me (feat. RM of BTS)","RM, Colde",2,2023,5,4,105,0,34502215,5,9,5,0,0,145,0,0,54,19
"Shut Down",BLACKPINK,1,2022,9,16,1524,17,482175240,53,120,62,0,2,110,0,0,82,67
"Gato de Noche","Nengo Flow, Bad Bunny",2,2022,12,22,2651,30,304118600,21,55,32,3,0,94,0,0,89,61
"Call Out My Name","The Weeknd",1,2018,3,29,11087,6,1449799467,151,107,801,1,105,134,0,0,45,17
"Like Crazy (English Version)",Jimin,1,2023,3,24,373,19,173627354,4,72,5,0,5,120,0,0,62,32
"Rosa Pastel","Jasiel Nuï¿½ï¿½ez, Peso P",2,2023,2,2,200,4,90025258,8,77,2,1,1,123,0,0,70,86
Sunroof,"Nicky Youre, Dazy",2,2021,12,3,3741,17,652704649,156,35,110,19,0,131,0,0,77,84
"Lose Yourself - Soundtrack Version",Eminem,1,2002,1,1,32502,21,1829992958,247,54,"5,567",1,51,171,0,0,70,6
Superman,"Eminem, Dina Rae",2,2002,5,26,7615,14,655466831,18,51,"1,005",0,0,130,0,0,80,64
"Mas Rica Que Ayer","Mambo Kingz, DJ Luian, Anuel Aa",3,2023,3,2,1208,34,146409671,10,41,20,0,1,94,0,0,82,53
"People Pt.2 (feat. IU)","IU, Agust D",2,2023,4,7,209,4,95816024,4,45,11,2,24,89,0,0,73,44
"REMIX EXCLUSIVO",Feid,1,2023,3,17,1235,9,117206995,20,8,15,0,6,87,0,0,65,71
"Arcï¿½ï¿½ngel: Bzrp Music Sessions, Vol","Arcangel, Bizarrap",2,2023,3,22,654,3,100409613,11,3,18,1,1,124,0,0,72,79
DOGTOOTH,"Tyler, The Creator",2,2023,3,27,1479,0,80758350,23,0,18,0,33,78,0,0,71,80
10:35,"Tiï¿½ï¿½sto, Tate M",2,2022,11,1,4942,26,325592432,190,104,147,18,63,120,0,0,70,70
"SORRY NOT SORRY","Tyler, The Creator",2,2023,3,31,709,0,58473276,8,1,13,0,0,96,0,0,48,50
HAPPY,NF,1,2023,3,25,660,0,52722996,22,7,11,0,78,106,0,0,73,22
"La Bebe","Yng Lvcas",1,2021,12,24,489,17,191945597,4,11,5,1,2,170,0,0,78,75
"I Know - PR1SVX Edit","Kanii, PR1ISVX",2,2023,3,24,407,0,77377503,16,15,5,0,1,134,0,0,67,11
"Late Night Talking","Harry Styles",1,2022,5,20,7461,8,743693613,166,42,199,16,58,115,0,0,71,90
Leï¿½,"Marï¿½ï¿½lia Mendo",1,2022,12,9,993,4,267789608,30,84,88,1,28,130,0,0,74,79
"Save Your Tears (with Ariana Grande) (Remix)","Ariana Grande, The Weeknd",2,2020,3,20,9161,5,1221813483,240,98,468,3,10,118,0,0,65,63
"Something in the Orange","Zach Bryan",1,2022,4,22,3282,12,449701773,67,84,46,16,117,110,0,0,59,22
VOID,"Melanie Martinez",1,2023,3,29,596,0,67070410,29,9,12,0,52,100,0,0,72,42
"Dijeron Que No La Iba Lograr","Fuerza Regida, Chino Pacas",2,2023,3,14,320,6,116334601,5,48,2,1,9,142,0,0,70,76
"Midnight Rain","Taylor Swift",1,2022,10,21,2612,4,433356509,19,29,21,0,0,140,0,0,64,18
"If We Ever Broke Up","Mae Stephens",1,2023,2,10,2040,4,165584767,81,27,66,9,444,116,0,0,90,96
"You Proof","Morgan Wallen",1,2022,5,13,2128,9,367814306,37,88,9,0,14,120,0,0,73,64
"LA INOCENTE","Feid, Mora",2,2022,4,1,2598,37,477033549,28,57,43,8,85,92,0,0,76,46
"Malas Decisiones","Kenia OS",1,2022,10,26,542,2,156214700,23,2,21,0,0,110,0,0,81,64
"Murder In My Mind",Kordhell,1,2022,1,21,2459,20,448843705,20,68,50,0,22,120,0,0,71,57
"Gangsta's Paradise","Coolio, L.V.",2,1995,7,11,10624,17,1357608774,21,0,386,0,0,80,0,0,63,40
CAIRO,"Karol G, Ovy On The Drums",2,2022,11,13,2418,26,294352144,52,66,55,1,16,115,0,0,95,43
"I Love You So","The Walters",1,2014,11,28,7536,7,972164968,44,19,135,0,6,76,0,0,58,46
"Dark Red","Steve Lacy",1,2017,2,20,10431,7,920045682,71,53,181,0,10,172,0,0,60,77
"Say You Won't Let Go","James Arthur",1,2016,9,9,15722,16,2147483647,231,37,"1,509",0,13,99,0,0,40,45
"The Hills","The Weeknd",1,2015,5,27,25744,4,1947371785,122,94,"1,992",0,18,136,0,0,36,12
"Heart To Heart","Mac DeMarco",1,2019,5,10,1640,0,244658767,27,27,29,1,1,150,0,0,90,64
"Peaches (from The Super Mario Bros. Movie)","Jack Black",1,2023,4,7,34,0,68216992,0,0,0,0,0,92,0,0,71,41
"Marisola - Remix","Duki, NICKI NICOLE, Cris Mj, Standly, Stars Music Chile",5,2022,12,15,1845,16,223582566,20,8,30,2,0,95,0,0,77,72
LOKERA,"Brray, Rauw Alejandro, Lyanno",3,2022,7,25,3301,30,471819764,72,64,64,6,3,102,0,0,83,58
Low,SZA,1,2022,12,9,1911,0,272377463,23,71,14,0,9,145,0,0,70,34
Numb,"Linkin Park",1,2003,3,24,20111,5,1361425037,39,0,"7,341",0,0,110,0,0,50,24
"Tormenta (feat. Bad Bunny)","Gorillaz, Bad Bunny",2,2023,2,24,1529,0,149778242,32,18,39,2,0,95,0,0,64,30
"on the street (with J. Cole)","j-hope, J. Cole",2,2023,3,3,615,2,116599790,22,82,8,0,9,94,0,0,68,81
"One Thing At A Time","Morgan Wallen",1,2022,12,2,811,4,148469433,11,58,5,0,21,142,0,0,61,92
"Miss You","Robin Schulz, Oliver Tree",2,2022,8,5,5730,10,497225336,108,16,197,3,165,145,0,0,59,20
"Ainï¿½ï¿½ï¿½t Tha","Morgan Wallen",1,2023,3,3,356,4,88791109,4,20,0,0,0,121,0,0,64,67
"Thinkinï¿½ï¿½ï¿½ B","Morgan Wallen",1,2023,3,3,604,6,125917280,22,101,0,0,66,140,0,0,66,43
"Private Landing (feat. Justin Bieber & Future)","Don Toliver, Future, Justin Bieber",3,2023,2,23,1190,0,105062254,29,3,18,0,19,137,0,0,84,44
"Everything I Love","Morgan Wallen",1,2023,1,31,579,0,95623148,11,54,0,0,103,104,0,0,56,72
Heaven,"Niall Horan",1,2023,2,17,1553,2,144584800,61,6,48,0,150,92,0,0,57,68
"LET GO","Central Cee",1,2022,12,15,2301,20,298063749,49,23,110,0,8,146,0,0,74,51
Sial,Mahalini,1,2023,1,23,134,4,166570053,4,6,0,0,23,120,0,0,56,20
"I Wrote The Book","Morgan Wallen",1,2023,1,31,430,0,83021468,15,17,0,0,0,144,0,0,68,83
"Apna Bana Le (From "Bhediya")","Arijit Singh, Sachin-Jigar",2,2022,11,5,86,0,139836056,11,101,0,0,48,94,0,0,59,44
"SPIT IN MY FACE!",ThxSoMch,1,2022,10,31,629,14,303216294,32,3,9,0,0,94,0,0,73,65
"PLAYA DEL INGLï¿½","Myke Towers, Quevedo",2,2022,12,15,1701,15,221409663,30,15,34,2,47,113,0,0,79,66
"Man Made A Bar (feat. Eric Church)","Morgan Wallen, Eric Church",2,2023,3,3,329,0,58890931,14,35,1,0,0,148,0,0,50,49
"Red Ruby Da Sleeze","Nicki Minaj",1,2023,3,3,1168,0,81419389,45,11,20,0,21,98,0,0,70,29
"Kahani Suno 2.0","Kaifi Khalil",1,2022,5,31,162,6,156777415,1,10,1,0,1,140,0,0,58,26
"Nobody Gets Me",SZA,1,2022,12,9,2536,6,284908316,59,100,58,13,2,100,0,0,36,28
"PERO Tï¿","Karol G, Quevedo",2,2023,2,23,387,11,93438910,11,15,14,3,1,140,0,0,86,68
"Hype Boy",NewJeans,1,2022,8,1,892,17,363472647,20,119,12,2,7,100,0,0,59,78
"Bloody Mary","Lady Gaga",1,2011,1,1,3909,0,372476382,66,26,277,3,734,100,0,0,59,49
Monotonï¿½,"Ozuna, Shakira",2,2022,10,19,3645,15,380726517,118,34,150,4,19,132,0,0,87,82
"ýýý98 Braves","Morgan Wallen",1,2023,3,3,282,0,56533272,6,15,0,0,0,142,0,0,49,48
WANDA,Quevedo,1,2023,1,20,888,22,175399345,11,24,7,1,7,176,0,0,72,96
"Thought You Should Know","Morgan Wallen",1,2022,5,6,968,4,203221468,16,53,1,0,61,140,0,0,53,51
"In The End","Linkin Park",1,2000,10,24,25065,6,1624165576,63,0,"6,808",2,0,105,0,0,55,40
"Zona De Perigo","Leo Santana",1,2022,12,8,531,4,134294498,20,1,71,2,0,135,0,0,81,97
Lovezinho,Treyce,1,2022,7,28,242,0,70069745,12,2,13,0,4,128,0,0,82,61
"I Like You (A Happier Song) (with Doja Cat)","Post Malone, Doja Cat",2,2022,6,3,5281,14,609293408,94,21,80,15,38,101,0,0,74,43
Neverita,"Bad Bunny",1,2022,5,6,2590,30,671365962,20,64,35,6,0,122,0,0,88,43
"Vista Al Mar",Quevedo,1,2022,9,8,1769,34,362361576,16,19,21,3,4,105,0,0,76,49
"Sem Alianï¿½ï¿½a no ","MC Xenon, Os Gemeos da Putaria",2,2022,12,23,454,4,93587665,6,1,21,0,1,83,0,0,53,40
"Enemy (with JID) - from the series Arcane League of Legends","Imagine Dragons, League of Legends, JID, Arcane",4,2021,9,3,6180,7,1223481149,122,88,580,21,10,77,0,0,72,59
Revenge,XXXTENTACION,1,2017,8,25,3600,11,1022258230,7,0,203,0,2,140,0,0,75,18
"Bombonzinho - Ao Vivo","Israel & Rodolffo, Ana Castela",2,2022,11,3,1254,6,263453310,26,69,73,2,6,158,0,0,65,72
"LA CANCIï¿½","J Balvin, Bad Bunny",2,2019,6,28,6398,31,1435127549,177,109,305,3,5,176,0,0,75,43
"Quï¿½ï¿½ Ago","Yuridia, Angela Aguilar",2,2022,10,20,660,15,236857112,19,59,18,5,52,98,0,0,73,88
"Love Again","The Kid Laroi",1,2023,1,27,1283,0,147538971,57,4,48,0,0,107,0,0,66,47
"After Hours","The Weeknd",1,2020,2,19,8084,6,698086140,45,115,218,1,221,109,0,0,66,16
"About Damn Time",Lizzo,1,2022,7,15,2332,2,723894473,0,0,25,0,0,109,0,0,84,72
"Born With A Beer In My Hand","Morgan Wallen",1,2023,3,3,203,0,34450974,5,9,0,0,0,148,0,0,53,61
ýýýýýýýýýýýýýýýýýýýýý,"Fujii Kaze",1,2020,5,20,685,14,403097450,24,94,9,0,23,158,0,0,60,52
"Besos Moja2","Wisin & Yandel, ROSALï¿½",2,2022,9,29,2460,13,309483971,53,7,56,3,1,94,0,0,74,64
"Maan Meri Jaan",King,1,2022,10,12,288,6,319566866,11,80,1,0,8,96,0,0,70,40
"Moscow Mule","Bad Bunny",1,2022,5,6,4572,33,909001996,74,113,85,9,2,100,0,0,80,29
"My Universe","Coldplay, BTS",2,2021,9,24,6127,13,1061966512,0,0,0,0,0,105,0,0,58,42
"Devil Donï¿½ï¿½ï¿½","Morgan Wallen",1,2023,3,3,166,0,32526947,2,10,0,0,0,125,0,0,53,32
LLYLM,ROSALï¿½,1,2023,1,27,1838,0,124988687,105,41,114,1,59,170,0,0,56,56
"I'm Not Here To Make Friends","Sam Smith, Calvin Harris, Jessie Reyez",3,2023,1,27,1890,0,103787664,86,1,49,0,9,115,0,0,70,84
TRUSTFALL,P!nk,1,2023,1,27,2098,16,134255790,88,24,101,7,451,122,0,0,64,25
ANTIFRAGILE,"LE SSERAFIM",1,2022,10,17,761,12,301051721,23,95,11,0,3,105,0,0,88,82
"Boy's a liar",PinkPantheress,1,2022,11,30,1225,0,156338624,27,0,28,13,0,133,0,0,66,74
"VIBE (feat. Jimin of BTS)","TAEYANG, Jimin",2,2023,1,13,415,2,152850295,15,40,21,1,15,100,0,0,79,60
Shirt,SZA,1,2022,10,28,3469,0,309653982,71,95,31,0,2,120,0,0,82,55
"Lift Me Up - From Black Panther: Wakanda Forever - Music From and Inspired By",Rihanna,1,2022,10,28,3311,0,297328960,129,31,212,1,41,177,0,0,25,17
"STAR WALKIN' (League of Legends Worlds Anthem)","Lil Nas X",1,2022,9,22,2616,0,332506354,113,17,208,0,192,142,0,0,64,31
"Sex, Drugs, Etc.","Beach Weather",1,2016,11,4,3006,16,480507035,47,60,87,12,124,144,0,0,57,47
"Boy With Luv (feat. Halsey)","Halsey, BTS",2,2019,4,12,4260,0,1065580332,113,92,259,0,1,120,0,0,65,80
"Hey, Mickey!","Baby Tate",1,2016,9,27,482,0,122763672,9,1,12,4,3,135,0,0,92,73
"Calm Down",Rï¿½ï,1,2022,2,9,4013,10,445763624,107,44,750,22,0,107,0,0,81,82
"Jhoome Jo Pathaan","Arijit Singh, Vishal Dadlani, Sukriti Kakar, Vishal-Shekhar, Shekhar Ravjiani, Kumaar",6,2022,12,22,138,4,1365184,13,78,2,0,0,105,0,0,82,62
"Escapism. - Sped Up","RAYE, 070 Shake",2,2022,11,25,1368,0,184308753,12,1,11,0,8,108,0,0,44,38
"Space Song","Beach House",1,2015,1,1,17852,4,789753877,69,76,335,0,0,147,0,0,51,62
"Dreamers [Music from the FIFA World Cup Qatar 2022 Official Soundtrack]","BTS, Jung Kook, FIFA Sound",3,2022,11,20,889,20,323358833,11,78,35,0,21,115,0,0,71,34
"Te Felicito","Shakira, Rauw Alejandro",2,2022,4,21,4796,9,606361689,124,66,212,13,1,174,0,0,70,57
Muï¿½ï¿½,"Steve Aoki, Tini, La Joaqui",3,2023,1,12,658,6,120972253,33,7,53,2,0,90,0,0,68,83
TV,"Billie Eilish",1,2022,7,21,3009,2,338564981,68,89,65,0,25,141,0,0,41,9
"I'm Not The Only One","Sam Smith",1,2014,1,1,17492,3,1606986953,136,24,"1,959",0,30,82,0,0,68,50
Heather,"Conan Gray",1,2020,3,20,6170,7,1301799902,82,1,231,0,2,92,0,0,47,25
"Besharam Rang (From "Pathaan")","Vishal-Shekhar, Shilpa Rao, Caralisa Monteiro, Kumaar, Vishal Dadlani, Shekhar Ravjiani",6,2022,12,12,130,4,140187018,21,79,2,0,0,116,0,0,77,65
"One Kiss (with Dua Lipa)","Calvin Harris, Dua Lipa",2,2017,6,2,27705,10,1897517891,537,122,"2,726",6,0,124,0,0,79,59
"Sugar Rush Ride","TOMORROW X TOGETHER",1,2023,1,27,359,0,107642809,12,56,13,0,13,125,0,0,71,83
"Pink Venom",BLACKPINK,1,2022,8,19,1963,16,551305895,57,119,77,1,13,90,0,0,80,71
"WAIT FOR U (feat. Drake & Tems)","Drake, Future, Tems",3,2022,4,27,5491,14,556585270,128,84,75,0,35,83,0,0,46,34
"Don't Start Now","Dua Lipa",1,2019,10,31,27119,0,2147483647,532,77,"1,535",3,8,124,0,0,79,68
"After Dark",Mr.Kitty,1,2014,8,8,1776,14,646886885,1,9,3,0,0,140,0,0,58,4
"Eu Gosto Assim - Ao Vivo","Gustavo Mioto, Mari Fernandez",2,2022,9,16,1473,4,222612678,27,64,66,1,4,154,0,0,64,61
"INDUSTRY BABY (feat. Jack Harlow)","Jack Harlow, Lil Nas X",2,2021,7,23,13315,0,1814349763,300,47,690,0,0,150,0,0,74,89
"MIDDLE OF THE NIGHT","Elley Duhï¿",1,2020,1,10,4057,8,872137015,78,21,240,1,52,186,0,0,41,9
Atlantis,Seafret,1,2015,4,22,3045,6,571386359,43,53,134,1,32,166,0,0,40,23
"PUNTO 40","Baby Rasta, Rauw Alejandro",2,2022,9,22,3006,12,304079786,54,32,66,2,0,107,0,0,87,20
"Evoque Prata","DJ Escobar, MC MENOR SG, MC MENOR HR",3,2022,9,9,852,0,174006928,14,1,50,0,0,87,0,0,87,52
"How Do I Say Goodbye","Dean Lewis",1,2022,8,5,2163,15,284785823,72,97,58,0,154,82,0,0,40,39
Blind,SZA,1,2022,12,9,1484,0,163284000,22,51,12,0,0,114,0,0,46,60
"Die For You",Joji,1,2022,11,4,1703,0,246390068,38,45,36,16,0,148,0,0,47,15
Doja,"Central Cee",1,2022,7,20,4169,44,482257456,57,44,183,1,11,140,0,0,91,97
Gatita,Bellakath,1,2022,10,3,1054,0,168684524,9,0,15,0,1,101,0,0,90,76
Rumble,"Skrillex, Flowdan, Fred again..",3,2022,1,17,2849,0,78489819,39,45,27,0,1,140,0,0,81,6
"Niagara Falls (Foot or 2) [with Travis Scott & 21 Savage]","Travis Scott, 21 Savage, Metro Boomin",3,2022,12,2,1602,0,195516622,12,22,12,0,2,88,0,0,49,24
Yonaguni,"Bad Bunny",1,2021,6,4,9644,28,1260594497,120,86,164,4,0,180,0,0,64,44
"Super Freaky Girl","Nicki Minaj",1,2022,8,12,4827,0,428685680,104,17,76,9,2,133,0,0,95,91
"Running Up That Hill (A Deal With God)","Kate Bush",1,1985,9,16,21811,0,1024858327,117,1,676,3,0,108,0,0,63,20
"Dream On",Aerosmith,1,1973,1,5,168,0,838586769,0,0,5,0,0,80,0,0,39,24
Limbo,"Freddie Dredd",1,2022,8,11,688,0,199386237,14,1,17,0,2,75,0,0,80,46
"Where Are You Now","Lost Frequencies, Calum Scott",2,2021,7,30,10565,44,972509632,238,122,557,17,58,121,0,0,67,26
"WORTH NOTHING","Twisted, Oliver Tree",2,2022,9,28,1612,0,213438580,34,54,34,0,2,140,0,0,58,17
"Bad Habits","Ed Sheeran",1,2020,9,3,12755,8,1555511105,344,97,945,15,0,126,0,0,81,59
"KICK BACK","Kenshi Yonezu",1,2022,10,12,574,4,210038833,38,101,26,0,0,102,0,0,58,29
"Evergreen (You Didnï¿½ï¿½ï¿½t Deserve Me A","Omar Apollo",1,2022,4,8,2499,0,227918678,70,0,49,0,0,82,0,0,70,31
"Good Days",SZA,1,2020,12,24,10426,2,826623384,133,109,182,1,10,121,0,0,46,53
"Levitating (feat. DaBaby)","Dua Lipa, DaBaby",2,2020,3,27,15894,8,1802514301,198,13,544,0,60,103,0,0,70,92
Woman,"Doja Cat",1,2021,6,25,9424,0,1329090101,202,50,463,4,0,108,0,0,82,88
"Shut up My Moms Calling - (Sped Up)","Hotel Ugly",1,2022,9,14,713,7,181831132,2,4,6,0,0,85,0,0,65,36
Ferrari,"James Hype, Miggy Dela Rosa",2,2022,3,14,7758,28,462791599,173,79,175,0,168,125,0,0,84,70
"You're On Your Own, Kid","Taylor Swift",1,2022,10,21,2537,2,348647203,8,18,20,0,1,120,0,0,69,40
"Kesariya (From "Brahmastra")","Pritam, Arijit Singh, Amitabh Bhattacharya",3,2022,7,17,292,6,366599607,26,98,4,0,0,94,0,0,58,44
"Agudo Mï¿½ï¿½gi","Styrx, utku INC, Thezth",3,1930,1,1,323,0,90598517,4,0,14,0,0,130,0,0,65,49
Payphone,"Maroon 5, Wiz Khalifa",2,2012,1,1,14143,4,1479264469,56,38,"1,891",1,0,110,0,0,74,51
"All I Want for Christmas Is You","Mariah Carey",1,1994,10,28,25653,0,1449779435,387,132,"2,094",0,0,150,0,0,34,33
"Last Christmas",Wham!,1,1984,1,1,22153,0,1159176109,274,111,"1,302",0,0,107,0,0,74,88
"Rockin' Around The Christmas Tree","Brenda Lee",1,1958,1,1,14994,0,769213520,191,168,206,0,0,140,0,0,70,85
"Jingle Bell Rock","Bobby Helms",1,1957,1,1,10326,0,741301563,165,99,104,0,0,119,0,0,74,78
"It's Beginning To Look A Lot Like Christmas","Michael Bublï¿",1,2011,10,14,12353,0,807561936,35,0,549,0,0,93,0,0,35,38
"Santa Tell Me","Ariana Grande",1,2013,12,13,9408,0,834129063,231,106,439,0,0,133,0,0,46,53
"It's the Most Wonderful Time of the Year","Andy Williams",1,1963,10,14,8879,0,663832097,182,107,160,0,1,202,0,0,24,76
"Let It Snow! Let It Snow! Let It Snow!","Dean Martin",1,1959,11,16,6512,0,446390129,88,1,277,0,0,134,0,0,45,72
Snowman,Sia,1,2017,1,1,5140,0,690104769,85,110,500,0,0,105,0,0,72,33
"Underneath the Tree","Kelly Clarkson",1,2013,10,25,6596,0,485285717,144,99,251,0,0,160,0,0,51,69
"Feliz Navidad","Josï¿½ï¿½ Felic",1,1970,11,1,3788,0,520034544,21,3,10,0,0,148,0,0,50,96
"Holly Jolly Christmas","Michael Bublï¿",1,2011,10,14,7655,0,476244795,5,0,291,0,0,151,0,0,65,70
Mistletoe,"Justin Bieber",1,2011,1,1,9577,0,629173063,195,111,310,0,0,162,0,0,67,88
"Sleigh Ride","The Ronettes",1,1963,11,22,10114,0,404664135,114,74,262,0,0,92,0,0,53,84
"Seek & Destroy",SZA,1,2022,12,9,1007,0,98709329,5,31,1,0,0,152,0,0,65,35
"Love Language",SZA,1,2022,12,9,1127,0,110849052,16,63,8,0,0,65,0,0,71,55
"Happy Xmas (War Is Over)","John Lennon, The Harlem Community Choir, The Plastic Ono Band, Yoko Ono",4,1971,12,1,10829,0,460492795,130,1,390,0,0,147,0,0,33,39
"Used (feat. Don Toliver)","SZA, Don Toliver",2,2022,12,8,1042,0,94005786,7,29,3,0,0,150,0,0,73,71
"A Holly Jolly Christmas - Single Version","Burl Ives",1,1952,1,1,7930,0,395591396,108,120,73,0,0,140,0,0,67,81
"The Christmas Song (Merry Christmas To You) - Remastered 1999","Nat King Cole",1,1946,11,1,11500,0,389771964,140,72,251,0,0,139,0,0,36,22
"Wonderful Christmastime - Edited Version / Remastered 2011","Paul McCartney",1,1979,11,16,1685,0,403939487,1,0,29,0,0,95,0,0,75,74
"Do They Know It's Christmas? - 1984 Version","Band Aid",1,1984,11,25,14169,0,481697415,209,30,449,0,0,115,0,0,60,23
"Ghost in the Machine (feat. Phoebe Bridgers)","SZA, Phoebe Bridgers",2,2022,12,9,1634,0,110073250,16,20,4,0,0,125,0,0,62,59
Special,SZA,1,2022,12,9,906,0,88092256,6,21,3,0,0,76,0,0,60,19
"Merry Christmas Everyone","Shakin' Stevens",1,1984,1,1,1087,0,351636786,90,35,5,0,0,101,0,0,72,91
"Let It Snow! Let It Snow! Let It Snow!","Frank Sinatra, B. Swanson Quartet",2,1950,1,1,10585,0,473248298,126,108,406,0,0,143,0,0,60,86
SOS,SZA,1,2022,12,9,827,0,73981293,6,18,1,0,0,119,0,0,51,51
"Open Arms (feat. Travis Scott)","SZA, Travis Scott",2,2022,12,8,1420,4,155653938,13,87,17,0,46,78,0,0,67,22
"White Christmas","Bing Crosby, John Scott Trotter & His Orchestra, Ken Darby Singers",3,1942,1,1,11940,0,395591396,73,79,123,0,0,96,0,0,23,19
"Driving Home for Christmas - 2019 Remaster","Chris Rea",1,1986,1,1,888,0,429504768,50,0,6,0,0,180,0,0,51,87
"Christmas (Baby Please Come Home)","Darlene Love",1,1963,11,22,9122,0,242767149,121,58,212,0,0,126,0,0,34,35
"Gone Girl",SZA,1,2022,12,9,892,0,65362788,3,17,2,0,0,150,0,0,43,42
F2F,SZA,1,2022,12,9,989,0,67540165,5,9,1,0,0,90,0,0,53,47
"Notice Me",SZA,1,2022,12,9,819,0,62019074,14,22,0,0,0,160,0,0,72,78
"Merry Christmas","Ed Sheeran, Elton John",2,2017,11,10,2209,0,135723538,72,90,141,0,0,114,0,0,59,60
"It's Beginning to Look a Lot Like Christmas (with Mitchell Ayres & His Orchestra)","Perry Como, The Fontane Sisters, Mitchell Ayres & His Orchestra",3,1958,1,1,6290,0,295998468,89,39,158,0,0,113,0,0,73,72
"My Only Wish (This Year)","Britney Spears",1,2000,11,7,6952,0,261116938,115,53,286,0,0,147,0,0,67,69
Antidepresan,"Mabel Matiz, Mert Demir",2,2022,11,4,313,2,136689549,10,6,7,1,9,100,0,0,70,92
"Wild Flower (with youjeen)",RM,1,2022,12,2,353,2,135611421,2,74,14,0,2,155,0,0,49,42
"I Hate U",SZA,1,2021,12,3,4094,0,356709897,66,96,43,0,0,107,0,0,54,41
"Raindrops (Insane) [with Travis Scott]","Travis Scott, Metro Boomin",2,2022,12,2,880,0,110649992,3,7,10,0,0,112,0,0,80,15
"SPIT IN MY FACE!",ThxSoMch,1,2022,10,31,573,0,301869854,1,0,18,0,24,166,0,0,70,57
"Deck The Hall - Remastered 1999","Nat King Cole",1,1959,1,1,3299,0,127027715,65,39,41,0,0,107,0,0,69,96
"Smoking on my Ex Pack",SZA,1,2022,12,9,811,0,57144458,6,11,3,0,0,81,0,0,47,33
Conceited,SZA,1,2022,12,9,899,0,56870689,2,14,2,0,0,150,0,0,79,77
"Snow On The Beach (feat. Lana Del Rey)","Taylor Swift, Lana Del Rey",2,2022,10,21,2415,0,323437194,33,57,30,0,11,110,0,0,66,19
Maroon,"Taylor Swift",1,2022,10,21,2304,0,317726339,12,16,14,0,0,108,0,0,64,4
"Tubarï¿½ï¿½o Te","Dj LK da Escï¿½ï¿½cia, Tchakabum, mc jhenny, M",4,2022,9,28,1003,0,116144341,21,0,44,0,0,130,0,0,89,48
Bejeweled,"Taylor Swift",1,2022,10,21,2699,0,328207708,39,35,22,2,0,164,0,0,70,39
Tarot,"Bad Bunny, Jhay Cortez",2,2022,5,6,2482,20,608228647,27,77,22,2,0,114,0,0,80,42
"You Make It Feel Like Christmas (feat. Blake Shelton)","Gwen Stefani, Blake Shelton",2,2005,9,20,2577,0,180577478,108,56,30,0,0,93,0,0,63,93
Desesperados,"Chencho Corleone, Rauw Alejandro",2,2021,6,25,6821,34,809306935,83,58,128,7,0,90,0,0,87,51
"Too Late",SZA,1,2022,12,8,714,0,49262961,0,9,2,0,0,128,0,0,45,35
Party,"Bad Bunny, Rauw Alejandro",2,2022,5,6,3185,4,614555082,38,64,37,3,36,97,0,0,83,47
"Run Rudolph Run - Single Version","Chuck Berry",1,1958,1,1,8612,0,245350949,120,30,52,0,1,152,0,0,69,94
"Jingle Bells - Remastered 1999","Frank Sinatra",1,1957,1,1,4326,0,178660459,32,3,65,0,0,175,0,0,51,94
Far,SZA,1,2022,12,9,680,0,51641685,2,15,1,0,0,116,0,0,61,48
"On Time (with John Legend)","John Legend, Metro Boomin",2,2022,12,2,398,0,78139948,2,2,6,0,2,80,0,0,33,51
GATï¿½ï¿½,"Maldy, Karol G",2,2022,8,25,3328,13,322336177,39,50,57,3,1,93,0,0,63,34
ýýýabcdefu,Gayle,1,2021,8,13,7215,0,1007612429,170,12,575,18,0,122,0,0,70,42
Sacrifice,"The Weeknd",1,2022,1,7,4440,0,326792833,81,77,133,0,0,122,0,0,70,91
"Is There Someone Else?","The Weeknd",1,2022,1,7,2881,6,391251368,13,89,34,0,3,135,0,0,70,60
"Fingers Crossed","Lauren Spencer Smith, Lauren Spencer Smith, Lauren Spencer Smith",3,2022,1,5,2235,0,349585590,65,7,70,16,6,109,0,0,60,45
"Out of Time","The Weeknd",1,2022,1,7,3711,0,339659802,49,88,62,0,0,93,0,0,65,82
"Do It To It","Cherish, ACRAZE",2,2021,8,20,12403,0,674772936,183,63,465,0,11,125,0,0,85,64
"We Don't Talk About Bruno","Adassa, Mauro Castillo, Stephanie Beatriz, Encanto - Cast, Rhenzy Feliz, Diane Guerrero, Carolina Gaitan",7,2021,11,19,2785,0,432719968,95,89,44,0,0,206,0,0,58,83
Pepas,Farruko,1,2021,6,24,14114,17,1309887447,252,109,965,20,0,130,0,0,76,44
"How Do I Make You Love Me?","The Weeknd",1,2022,1,7,1915,0,119238316,7,47,15,0,0,121,0,0,80,62
Gasoline,"The Weeknd",1,2022,1,7,2297,0,116903579,11,29,14,0,0,123,0,0,74,35
Infinity,"Jaymes Young",1,2017,6,23,4375,0,888046992,24,0,396,0,0,122,0,0,67,50
"Less Than Zero","The Weeknd",1,2022,1,7,2800,0,200660871,18,77,61,0,1,143,0,0,53,50
"Take My Breath","The Weeknd",1,2021,8,6,2597,0,130655803,17,80,38,0,0,121,0,0,70,35
"good 4 u","Olivia Rodrigo",1,2021,5,14,15563,6,1887039593,259,55,461,1,0,166,0,0,56,68
"Here We Goï¿½ï¿½ï¿½ Again (feat. Tyler, the Cr","The Weeknd, Tyler, The Creator",3,2022,1,7,1420,0,88103848,7,18,7,0,0,135,0,0,41,27
"Best Friends","The Weeknd",1,2022,1,7,1292,0,101114984,3,18,14,0,0,87,0,0,49,49
"Kiss Me More (feat. SZA)","SZA, Doja Cat",2,2021,4,9,15867,0,1575467011,382,65,497,0,12,111,0,0,77,74
"I Heard You're Married (feat. Lil Wayne)","The Weeknd, Lil Wayne",2,2022,1,7,1178,0,91656026,9,10,9,0,0,110,0,0,75,85
"Need To Know","Doja Cat",1,2021,6,11,6672,0,1042568408,125,36,150,0,0,130,0,0,66,19
"MONTERO (Call Me By Your Name)","Lil Nas X",1,2020,9,18,12329,0,1735441776,275,19,738,0,0,179,0,0,61,76
"love nwantiti (ah ah ah)",Ckay,1,2019,7,26,5669,2,726837877,74,0,262,14,0,93,0,0,74,53
"Dawn FM","The Weeknd",1,2022,1,7,811,0,53933526,1,8,6,0,0,78,0,0,27,10
"Surface Pressure","Jessica Darrow",1,2021,11,19,1756,0,267758538,38,48,20,0,0,180,0,0,65,37
"Starry Eyes","The Weeknd",1,2022,1,7,1014,0,74601456,1,17,11,0,0,86,0,0,28,13
"THATS WHAT I WANT","Lil Nas X",1,2021,9,17,7963,0,920797189,173,7,298,0,4,88,0,0,74,55
"One Right Now (with The Weeknd)","The Weeknd, Post Malone",2,2021,11,5,4771,0,539595276,68,18,75,0,1,97,0,0,68,72
Beggin,Mï¿½ï¿½ne,1,2017,12,8,8559,0,1367810478,183,64,964,9,75,134,0,0,71,59
"Mon Amour - Remix","Aitana, zzoilo",2,2020,9,21,3221,2,578207856,67,13,139,0,40,116,0,0,75,36
"Lo Siento BB:/ (with Bad Bunny & Julieta Venegas)","Julieta Venegas, Bad Bunny, Tainy",3,2021,10,5,3423,26,775542072,61,65,53,6,0,170,0,0,64,14
MONEY,Lisa,1,2021,9,10,2566,13,863625566,44,109,131,0,0,140,0,0,83,40
"The Motto","Tiï¿½ï¿½sto, Ava",2,2021,11,4,9151,6,656013912,240,107,268,0,5,118,0,0,75,46
"Happier Than Ever","Billie Eilish",1,2021,7,30,8476,0,1056760045,138,133,283,0,0,65,0,0,31,31
"Moth To A Flame (with The Weeknd)","The Weeknd, Swedish House Mafia",2,2021,10,22,7495,17,611994237,114,172,284,2,0,120,0,0,56,16
traitor,"Juan Cruz Toledo, Huilen Toledo",2,2021,5,21,5257,6,1230855859,85,43,134,0,0,176,0,0,29,12
Toxic,BoyWithUke,1,2021,9,10,1795,0,582981380,34,23,118,0,0,180,0,0,59,69
"drivers license","Olivia Rodrigo",1,2021,1,8,12685,3,1858144199,185,61,485,0,0,144,0,0,59,21
Malvadï¿½ï¿,"Xamï¿½ï¿½, Gustah, Neo B",3,2021,11,30,648,1,240684449,14,3,81,0,0,133,0,0,82,52
"All Too Well (10 Minute Version) (Taylor's Version) (From The Vault)","Taylor Swift",1,2021,11,12,4635,5,583687007,50,49,30,1,2,93,0,0,63,21
"Donï¿½ï¿½ï¿½t Break My","The Weeknd",1,2022,1,7,1184,0,63803529,1,5,6,0,0,122,0,0,77,25
"Oh My God",Adele,1,2021,11,19,4431,0,466214729,105,7,199,0,0,88,0,0,53,55
"Entre Nosotros (Remix) [con Nicki Nicole]","Lit Killah, Maria Becerra, Tiago pzk, NICKI NICOLE",4,2022,1,5,759,3,236940480,32,0,12,0,0,170,0,0,70,61
"A Tale By Quincy","The Weeknd",1,2022,1,7,733,0,41924466,0,2,2,0,0,94,0,0,46,55
"I AM WOMAN","Emmy Meli",1,2021,11,18,2795,0,225259194,45,0,107,0,0,170,0,0,65,46
Medallo,"Justin Quiles, Lenny Tavï¿½ï¿½rez, BL",3,2021,10,27,2780,2,393230256,54,21,57,1,0,90,0,0,79,79
"It'll Be Okay","Shawn Mendes",1,2021,12,1,1950,0,287201015,56,8,104,0,10,78,0,0,40,7
Softcore,"The Neighbourhood",1,2018,3,9,3947,12,599770206,33,102,93,0,30,94,0,0,57,36
"Super Gremlin","Kodak Black",1,2021,10,30,2551,0,342779426,52,15,35,0,1,73,0,0,83,11
Volvï¿,"Aventura, Bad Bunny",2,2021,8,3,5375,10,673801126,138,24,133,0,1,176,0,0,73,79
"Todo De Ti","Rauw Alejandro",1,2020,11,2,11975,8,1168642797,188,75,268,6,16,128,0,0,81,57
"Love Nwantiti - Remix","Ckay, AX'EL, Dj Yo!",3,2019,8,30,2696,0,540539717,42,2,57,0,0,120,0,0,58,44
"Smokin Out The Window","Bruno Mars, Anderson .Paak, Silk Sonic",3,2021,11,5,4963,0,383550148,63,40,76,0,0,82,0,0,63,85
"Meet Me At Our Spot","THE ANXIETY, Willow, Tyler Cole",3,2020,3,13,6734,0,530511203,47,14,90,0,1,95,0,0,77,40
"Every Angel is Terrifying","The Weeknd",1,2022,1,7,715,0,37307967,0,1,2,0,0,118,0,0,44,52
"Tacones Rojos","Sebastian Yatra",1,2021,10,22,3047,9,510876816,77,31,85,5,28,123,0,0,75,93
"Peaches (feat. Daniel Caesar & Giveon)","Justin Bieber, Daniel Caesar, Giveon",3,2021,3,19,14140,0,1445941661,231,52,612,6,0,90,0,0,63,49
Dakiti,"Bad Bunny, Jhay Cortez",2,2020,10,30,11215,21,1763363713,189,166,525,9,25,110,0,0,73,14
"Tiago PZK: Bzrp Music Sessions, Vol. 48","Bizarrap, Tiago pzk",2,2021,12,29,1678,12,374191487,20,4,15,1,3,96,0,0,66,76
Lï¿½ï¿½ï¿,Stromae,1,2022,1,9,2035,0,108809090,41,122,394,0,2,88,0,0,56,58
Nostï¿½ï¿½l,"Chris Brown, Rvssian, Rauw Alejandro",3,2021,9,8,2780,2,436695353,86,76,59,0,16,98,0,0,73,60
"Better Days (NEIKED x Mae Muller x Polo G)","NEIKED, Mae Muller, Polo G",3,2021,9,24,4091,0,421040617,105,2,73,13,1,110,0,0,72,67
"Life Goes On","Oliver Tree",1,2020,7,17,2868,0,501541661,43,15,116,0,0,80,0,0,70,57
"Sad Girlz Luv Money Remix (feat. Kali Uchis)","Kali Uchis, Amaarae, Moliy",3,2021,9,16,3643,0,354065229,69,3,70,0,3,110,0,0,86,31
Butter,BTS,1,2021,5,21,4779,6,1143647827,180,135,223,0,5,110,0,0,79,70
"pushin P (feat. Young Thug)","Young Thug, Future, Gunna",3,2022,1,7,3517,0,311395144,54,28,43,0,0,78,0,0,77,49
"You Right","Doja Cat, The Weeknd",2,2021,6,24,5073,0,672656250,83,9,100,0,4,129,0,0,83,44
"deja vu","Olivia Rodrigo",1,2021,4,1,7545,4,1256880657,117,39,141,0,46,181,0,0,44,22
Dynamite,BTS,1,2020,8,21,8528,5,1692897992,239,163,583,0,0,114,0,0,75,74
"TO THE MOON","Jnr Choi",1,2021,11,5,2979,0,245095641,44,0,159,0,0,144,0,0,74,39
"Lost in the Fire","The Weeknd, Gesaffelstein",2,2019,1,11,7731,2,686734357,110,145,447,0,46,101,0,0,66,18
"Salimo de Noche","Trueno, Tiago pzk",2,2021,10,21,1057,0,261414174,17,5,21,0,0,84,0,0,67,78
"Volando - Remix","Sech, Bad Bunny, Mora",3,2021,7,8,3272,19,610045621,101,34,70,1,2,154,0,0,66,63
"Leave The Door Open","Bruno Mars, Anderson .Paak, Silk Sonic",3,2021,3,5,14417,0,1115880852,237,123,569,0,10,148,0,0,59,72
"Knife Talk (with 21 Savage ft. Project Pat)","Drake, Project Pat, 21 Savage",3,2021,9,3,5199,0,594482982,45,43,45,0,3,146,0,0,85,22
"Don't Be Shy","Tiï¿½ï¿½sto, Kar",2,2021,8,1,6026,0,566954746,171,51,187,1,21,120,0,0,77,51
"Love Grows (Where My Rosemary Goes)","Edison Lighthouse",1,1970,1,1,2877,0,0,16,0,54,0,0,110,0,0,53,75
"LA FAMA (with The Weeknd)","The Weeknd, ROSALï¿½",2,2021,11,11,4640,3,374706940,81,93,507,6,4,136,0,0,77,82
"The Family Madrigal","Olga Merediz, Stephanie Beatriz, Encanto - Cast",3,2021,11,19,1150,0,184937148,20,38,12,0,0,141,0,0,59,56
"Phantom Regret by Jim","The Weeknd",1,2022,1,7,768,0,31959571,1,1,3,0,0,108,0,0,46,23
"Dos Oruguitas","Sebastian Yatra",1,2021,11,19,925,0,167076418,24,47,74,0,0,94,0,0,42,47
Freaks,"Surf Curse",1,2015,5,10,3006,3,824420218,23,21,121,0,13,180,0,0,35,41
Acapulco,"Jason Derulo",1,2021,9,1,3098,0,363467642,111,5,182,1,0,122,0,0,77,51
"Daddy Issues","The Neighbourhood",1,2015,10,30,9771,4,1127468248,42,70,384,0,3,85,0,0,59,33
"thought i was playing","21 Savage, Gunna",2,2022,1,7,807,0,60680939,3,0,5,0,0,148,0,0,68,29
ELEVEN,IVE,1,2021,12,1,521,1,247737946,17,89,11,0,0,120,0,0,83,59
"Mood (feat. Iann Dior)","24kgoldn, Iann Dior",2,2020,7,24,12854,0,1699402402,237,27,636,0,0,91,0,0,70,76
"What Else Can I Do?","Stephanie Beatriz, Diane Guerrero",2,2021,11,19,802,0,154797871,13,27,8,0,0,120,0,0,72,54
"DANCE CRIP",Trueno,1,2021,11,17,731,0,198883004,14,14,24,0,4,106,0,0,86,86
"Miserable Man","David Kushner",1,2022,1,7,788,0,124407432,13,0,32,1,0,110,0,0,63,31
happier,"Olivia Rodrigo",1,2021,5,21,3069,4,850608354,25,46,105,0,45,169,0,0,39,36
"Praise God","Kanye West",1,2021,8,29,4651,0,376333030,24,6,105,0,0,118,0,0,80,21
"Get Into It (Yuh)","Doja Cat",1,2021,6,25,4999,0,516784627,43,19,73,12,0,92,0,0,91,79
"Before You Go","Lewis Capaldi",1,2019,11,1,8327,24,1608045237,205,130,625,0,25,112,0,0,45,19
Sky,"Playboi Carti",1,2020,12,25,3297,3,506778838,25,3,52,0,1,140,0,0,79,56
"Rolling in the Deep",Adele,1,2010,11,29,35684,6,1472799873,195,125,"6,280",2,78,105,0,0,73,52
Sobrio,Maluma,1,2021,7,8,3506,10,513643924,103,76,100,1,1,178,0,0,76,63
Peru,"Ed Sheeran, Fireboy DML",2,2021,12,23,2999,0,261286503,60,17,154,0,22,108,0,0,96,71
"favorite crime","Olivia Rodrigo",1,2021,5,21,3681,0,783706581,20,21,99,0,7,173,0,0,40,19
Thunder,"Prezioso, Gabry Ponte, LUM!X",3,2021,5,7,4846,10,422691058,54,16,259,0,13,101,0,0,67,40
"The Business",Tiï¿½ï¿,1,2020,1,1,14311,0,1062345656,255,32,582,0,14,120,0,0,80,24
positions,"Ariana Grande",1,2020,10,23,8207,0,1252563873,175,55,95,0,2,144,0,0,73,66
"I WANNA BE YOUR SLAVE",Mï¿½ï¿½ne,1,2021,3,19,4873,0,851070493,65,88,434,3,13,133,0,0,75,96
"Vai Lï¿½ï¿½ Em Casa ","Marï¿½ï¿½lia Mendonï¿½ï¿½a, George Henrique &",2,2021,10,22,772,0,263894529,7,3,89,0,0,158,0,0,46,62
"The Feels",TWICE,1,2021,10,1,1150,0,345903614,20,99,44,0,2,120,0,0,81,92
"HEARTBREAK ANNIVERSARY",Giveon,1,2020,2,21,5398,4,951637566,111,127,210,0,37,129,0,0,61,59
"No Lie","Sean Paul, Dua Lipa",2,2016,11,18,7370,0,956865266,92,127,"1,219",0,62,102,0,0,74,45
"OUT OUT (feat. Charli XCX & Saweetie)","Charli XCX, Jax Jones, Joel Corry, Saweetie",4,2021,8,13,6890,0,427486004,122,11,201,0,1,124,0,0,79,79
"Pope Is a Rockstar",SALES,1,2016,4,20,1966,0,156658366,4,2,50,0,0,90,0,0,73,31
2055,"Sleepy hallow",1,2021,4,14,2226,0,624515457,29,0,44,0,0,161,0,0,78,65
Bored,"Billie Eilish",1,2017,3,30,4204,0,777765388,39,45,250,0,0,120,0,0,60,11
"Happier Than Ever - Edit","Billie Eilish",1,2021,7,28,1959,0,412795151,19,0,38,0,0,81,0,0,45,12
"Astronaut In The Ocean","Masked Wolf",1,2019,1,1,7191,0,1138474110,146,18,478,0,7,150,0,0,78,47
"Ley Seca","Anuel Aa, Jhay Cortez",2,2021,9,2,2012,0,355219175,101,12,38,0,0,105,0,0,76,58
"Every Summertime",NIKI,1,2021,8,10,1211,2,290228626,30,2,5,0,6,79,0,0,63,76
"Talking To The Moon","Bruno Mars",1,2010,10,4,7109,2,1062956628,5,0,862,0,0,146,0,0,52,7
"you broke me first","Tate McRae",1,2020,4,17,6638,0,1180094974,167,19,318,0,1,124,0,0,64,8
"The Nights",Avicii,1,2014,1,1,17354,8,1456081449,92,122,"1,282",0,55,126,0,0,53,66
"Take My Breath","The Weeknd",1,2021,8,6,6392,0,432702334,174,73,344,0,0,121,0,0,75,53
"Way 2 Sexy (with Future & Young Thug)","Drake, Future, Young Thug",3,2021,9,3,5481,0,489945871,144,30,86,0,0,136,0,0,80,33
Cï¿½ï¿½,"Rauw Alejandro",1,2021,6,25,2636,3,465959382,36,82,39,0,5,102,0,0,77,26
"Enemy - from the series Arcane League of Legends","Imagine Dragons, League of Legends, Arcane",3,2021,10,27,824,0,1223481149,8,8,8,2,0,77,0,0,73,54
"Dance Monkey","Tones and I",1,2019,5,10,24529,0,2147483647,533,167,"3,595",6,0,98,0,0,82,54
"Lucid Dreams","Juice WRLD",1,2017,6,15,14749,0,2147483647,188,34,710,0,5,84,0,0,44,22
"Quï¿½ï¿½ Mï¿½ï¿","J Balvin, Maria Becerra",2,2021,1,28,8087,0,720825549,92,34,131,0,0,102,0,0,89,77
"All of Me","John Legend",1,2013,8,1,27221,0,2086124197,308,118,"4,534",2,77,120,0,0,42,33
"Smells Like Teen Spirit - Remastered 2021",Nirvana,1,1991,9,10,49991,9,1690192927,265,121,"12,367",4,160,117,0,0,52,73
Arcade,"Duncan Laurence",1,2019,3,7,6646,0,991336132,107,47,584,1,0,72,0,0,45,27
"Fair Trade (with Travis Scott)","Drake, Travis Scott",2,2021,9,3,5403,6,593917618,118,116,96,0,3,168,0,0,67,29
Bar,"Tini, L-Gante",2,2021,11,11,755,4,200972675,22,3,0,0,0,94,0,0,52,68
"The Rumbling (TV Size)",SiM,1,2022,1,10,254,0,71014967,0,4,23,0,0,145,0,0,41,65
"family ties (with Kendrick Lamar)","Kendrick Lamar, Baby Keem",2,2021,8,27,6308,5,560222750,114,15,63,0,2,134,0,0,71,14
"Mr. Brightside","The Killers",1,2003,9,23,51979,15,1806617704,306,99,"5,063",2,120,148,0,0,35,24
Blessed-Cursed,ENHYPEN,1,2022,1,10,246,0,77337771,2,12,10,0,0,127,0,0,60,40
"AM Remix","J Balvin, Nio Garcia, Bad Bunny",3,2021,6,24,6556,0,528544703,93,5,67,1,0,172,0,0,74,79
Streets,"Doja Cat",1,2019,11,7,5728,0,865640097,85,87,179,0,12,90,0,0,75,19
Shallow,"Lady Gaga, Bradley Cooper",2,2018,9,27,16636,12,2147483647,368,155,"2,854",6,121,96,0,0,57,30
"Polaroid Love",ENHYPEN,1,2022,1,10,461,0,211372494,10,56,17,0,0,138,0,0,74,65
"Leave Before You Love Me (with Jonas Brothers)","Marshmello, Jonas Brothers",2,2021,4,28,4893,4,651732901,143,24,110,0,70,120,0,0,72,67
"Permission to Dance",BTS,1,2021,7,9,1801,2,608334048,77,134,74,0,2,125,0,0,70,65
"Friday (feat. Mufasa & Hypeman) - Dopamine Re-Edit","Riton, Nightcrawlers, Mufasa & Hypeman, Dopamine",4,2021,1,15,12043,0,863756573,209,54,710,0,18,123,0,0,82,80
RAPSTAR,"Polo G",1,2021,4,9,4731,0,797402345,141,12,78,0,0,81,0,0,79,44
"'Till I Collapse","Eminem, Nate Dogg",2,2002,5,26,22923,0,1695712020,78,46,"2,515",1,0,171,0,0,55,10
Memories,"Maroon 5",1,2019,9,20,9974,2,1759567999,272,67,"1,066",1,19,91,0,0,77,60
"Se Le Ve","Arcangel, De La Ghetto, Justin Quiles, Lenny Tavï¿½ï¿½rez, Sech, Dalex, Dimelo Flow, Rich Music",8,2021,8,12,1560,0,223319934,72,0,0,0,0,84,0,0,56,61
"25k jacket (feat. Lil Baby)","Gunna, Lil Baby",2,2022,1,7,620,0,54937991,17,3,3,0,0,115,0,0,90,74
"When Iï¿½ï¿½ï¿½m Gone (with Katy ","Katy Perry, Alesso",2,2021,12,29,3270,0,226897599,89,21,65,0,0,125,0,0,69,70
"Esqueï¿½ï¿½a-Me Se For C","Marï¿½ï¿½lia Mendonï¿½ï¿½a, Maiara &",2,2021,10,14,580,0,258316038,24,92,93,0,0,122,0,0,80,62
Miï¿½ï¿½n,"Tini, Maria Becerra",2,2021,4,29,3406,16,596152090,61,23,70,1,0,92,0,0,85,92
Sï¿½ï¿½,"Anuel Aa, Myke Towers, Jhay Cortez",3,2021,11,18,903,0,177129919,30,26,15,0,0,90,0,0,63,75
MAMIII,"Karol G, Becky G",2,2022,2,10,6809,28,716591492,151,102,175,5,29,94,0,0,84,90
"Still D.R.E.","Dr. Dre, Snoop Dogg",2,1999,1,1,33966,0,1210599487,141,78,"6,591",1,0,93,0,0,81,53
"Stay Alive (Prod. SUGA of BTS)","Jung Kook",1,2022,2,11,590,5,246376690,4,113,20,0,1,130,0,0,51,50
Boyfriend,"Dove Cameron",1,2022,2,11,3766,0,496311364,76,0,102,0,2,180,0,0,35,23
"The Joker And The Queen (feat. Taylor Swift)","Ed Sheeran, Taylor Swift",2,2022,2,11,1430,0,146789379,46,1,34,0,0,134,0,0,53,31
"The Next Episode","Dr. Dre, Snoop Dogg",2,1999,1,1,31762,0,843309044,142,40,"5,451",1,953,95,0,0,92,31
"Light Switch","Charlie Puth",1,2022,1,19,4049,0,500340342,119,6,85,1,1,184,0,0,69,91
"City of Gods","Kanye West, Alicia Keys, Fivio Foreign",3,2022,2,11,2096,0,107255472,34,3,30,0,0,147,0,0,47,50
Brividi,"Mahmood, Blanco",2,2022,2,2,1175,0,135079152,34,1,31,0,0,123,0,0,52,44
Lost,"Frank Ocean",1,2012,1,1,29499,11,822239726,124,27,587,0,4,123,0,0,91,49
"In Da Club","50 Cent",1,2002,1,1,30427,7,1202722675,235,106,"5,221",1,35,90,0,0,90,79
"she's all i wanna be","Tate McRae",1,2022,2,4,2711,0,343197054,105,12,51,0,12,160,0,0,61,65
"Ginseng Strip 2002","Yung Lean",1,2013,8,16,4310,0,240769997,13,0,113,1,3,115,0,0,60,37
"All For Us - from the HBO Original Series Euphoria","Labrinth, Zendaya",2,2019,8,4,5342,0,426204830,33,123,7,0,4,141,0,0,37,17
Notion,"The Rare Occasions",1,2016,8,5,2393,0,421135627,22,13,65,0,6,160,0,0,31,30
Formula,Labrinth,1,2019,10,4,3444,7,554875730,24,85,102,0,1,145,0,0,57,23
"Mount Everest",Labrinth,1,2019,6,21,5443,0,467727006,45,1,80,0,12,89,0,0,46,43
Excuses,"Intense, AP Dhillon, Gurinder Gill",3,2020,7,24,272,4,327498031,7,21,2,0,0,95,0,0,84,49
Cigarettes,"Juice WRLD",1,2021,12,10,975,0,185408548,11,0,10,0,0,160,0,0,60,47
"Cayï¿½ï¿½ La Noche (feat. Cruz Cafunï¿½ï¿½, Abhir Hathi, Bejo, EL IMA)","Quevedo, La Pantera, Juseph, Cruz Cafunï¿½ï¿½, Bï¿½ï¿½jo, Abhir Hathi",7,2022,1,14,1034,1,245400167,19,5,12,0,0,174,0,0,67,74
"California Love - Original Version (Explicit)","Dr. Dre, 2Pac, Roger",3,1995,12,28,18773,0,579395142,128,17,"1,663",0,0,92,0,0,77,76
"Forgot About Dre","Eminem, Dr. Dre",2,1999,1,1,19067,0,675039469,78,15,"1,674",0,3,134,0,0,93,61
"Down Under (feat. Colin Hay)","Luude, Colin Hay",2,2021,11,19,3541,2,252871192,57,13,50,1,7,172,0,0,31,4
Mujeriego,"Ryan Castro",1,2021,12,17,1492,0,231996128,44,63,91,0,24,80,0,0,76,92
HUMBLE.,"Kendrick Lamar",1,2017,3,30,33206,1,1929770265,284,114,"1,481",0,5,150,0,0,91,42
Stan,"Eminem, Dido",2,1999,11,21,17115,0,918915401,83,63,"4,180",0,0,80,0,0,78,53
Contection,"GODZZ__-, Zakaria",2,2020,1,16,6955,0,1180896317,65,45,398,0,1,166,0,0,81,83
Swim,"Chase Atlantic",1,2017,10,4,2742,0,498960285,5,1,62,0,0,120,0,0,67,8
"A Tu Merced","Bad Bunny",1,2020,2,29,4214,11,685071800,21,20,40,0,0,92,0,0,86,89
"Numb Little Bug","Em Beihold",1,2022,1,28,2026,0,258714692,47,3,42,12,6,85,0,0,74,61
212,"Mainstreet, Chefin",2,2022,1,15,352,0,143139338,10,0,39,0,0,154,0,0,79,86
Problemï¿½,"Alvaro Diaz, Rauw Alejandro",2,2021,10,22,1517,0,209768491,42,7,15,0,4,92,0,0,73,37
Bussin,"Nicki Minaj, Lil Baby",2,2022,2,11,847,0,64714573,25,0,14,0,0,140,0,0,89,75
"Worst Day",Future,1,2022,2,11,910,0,50746620,20,3,24,0,0,89,0,0,65,60
Malvada,"Zï¿½ï¿½ Fe",1,2022,1,28,601,0,154119539,28,73,64,0,0,135,0,0,89,89
"Hrs and Hrs","Muni Long",1,2021,11,19,1800,0,181328253,43,36,46,13,4,140,0,0,51,66
"Alien Blues",Vundabar,1,2015,7,24,1930,0,370068639,3,0,28,0,1,82,0,0,47,44
"Thinking Out Loud","Ed Sheeran",1,2014,1,1,33032,0,2147483647,363,129,"3,895",0,28,79,0,0,78,58
"Still Don't Know My Name",Labrinth,1,2019,10,4,6332,0,563902868,47,116,266,0,0,88,0,0,31,31
"Christmas Tree",V,1,2021,12,24,509,9,317622165,8,106,6,0,8,139,0,0,44,18
"Mal Feito - Ao Vivo","Marï¿½ï¿½lia Mendonï¿½ï¿½a, Hugo & G",2,2022,1,14,971,2,291709698,35,104,93,1,0,124,0,0,73,68
"When I R.I.P.",Labrinth,1,2019,10,4,2578,0,203680270,8,67,66,0,0,80,0,0,39,45
"Do We Have A Problem?","Nicki Minaj, Lil Baby",2,2022,2,4,1064,0,81350745,42,1,26,0,0,120,0,0,84,54
Forever,Labrinth,1,2019,10,4,3618,0,282883169,21,86,138,0,2,80,0,0,56,19
"Gospel (with Eminem)","Eminem, Dr. Dre",2,2022,2,4,1040,0,64787943,8,0,29,0,0,117,0,0,92,62
Seï¿½ï¿½o,"Shawn Mendes, Camila Cabello",2,2019,6,19,15010,2,2147483647,453,50,"1,785",1,8,117,0,0,76,77
"NEW MAGIC WAND","Tyler, The Creator",2,2019,5,16,4708,0,461437791,13,7,55,0,1,140,0,0,62,46
"Adore You","Harry Styles",1,2019,12,6,13454,1,1439191367,246,71,519,2,5,99,0,0,68,57
"La Santa","Daddy Yankee, Bad Bunny",2,2020,2,29,4890,20,759208783,52,42,100,0,0,93,0,0,74,59
"Something In The Way - Remastered 2021",Nirvana,1,1991,9,24,9514,0,368646862,45,27,"1,197",0,43,106,0,0,44,8
"Sweetest Pie","Dua Lipa, Megan Thee Stallion",2,2022,3,11,3501,0,299634472,69,2,51,11,0,124,0,0,81,68
"Bam Bam (feat. Ed Sheeran)","Camila Cabello, Ed Sheeran",2,2022,3,4,6111,4,756907987,185,40,492,9,35,95,0,0,76,96
"Una Noche en Medellï¿½","Cris Mj",1,2022,1,21,5415,32,682475162,46,16,53,1,2,96,0,0,87,82
Envolver,Anitta,1,2021,11,11,4673,2,546191065,123,113,180,1,4,92,0,0,81,40
Starlight,Dave,1,2022,3,3,1856,3,229473310,29,40,31,1,1,124,0,0,95,36
"Hati-Hati di Jalan",Tulus,1,2022,3,3,200,2,202677468,12,4,0,0,0,72,0,0,64,76
"I'm Tired - From "Euphoria" An Original HBO Series",Labrinth,1,2022,2,4,1888,0,121913181,26,1,58,0,0,71,0,0,28,26
DANï¿½ï¿½A,"Mc Pedrinho, Pedro Sampaio",2,2022,2,1,911,2,208166039,45,0,99,1,1,135,0,0,78,55
"Yo Voy (feat. Daddy Yankee)","Zion & Lennox",1,2004,5,4,2954,2,527033089,18,82,0,0,5,95,0,0,81,56
"Residente: Bzrp Music Sessions, Vol. 49","Residente, Bizarrap",2,2022,3,3,461,0,94616487,7,11,13,0,0,71,0,0,59,70
Jordan,"Ryan Castro",1,2021,4,30,2844,2,394030335,29,2,35,1,0,180,0,0,80,71
"Nail Tech","Jack Harlow",1,2022,2,18,2939,0,193443895,42,0,24,0,0,150,0,0,65,11
Chale,"Eden Muï¿½ï",1,2022,2,18,695,11,299648208,16,41,13,1,1,189,0,0,55,86
DARARI,Treasure,1,2022,2,15,328,0,182978249,10,21,7,0,9,85,0,0,72,55
"Ya No Somos Ni Seremos","Christian Nodal",1,2022,2,18,866,16,319757142,27,84,32,7,11,140,0,0,59,73
"Thinking with My Dick","Kevin Gates, Juicy J",2,2013,7,16,1550,0,109091573,0,0,14,0,0,81,0,0,77,68
"Freaky Deaky","Tyga, Doja Cat",2,2022,2,25,1729,0,153240879,26,1,19,0,0,104,0,0,80,24
"this is what falling in love feels like",JVKE,1,2021,9,3,2005,0,346127840,16,5,43,0,7,129,0,0,42,33
"La Zona","Bad Bunny",1,2020,2,29,1188,0,312622938,13,1,15,0,1,94,0,0,76,81
"Bohemian Rhapsody - Remastered 2011",Queen,1,1975,10,31,40112,3,2147483647,321,162,"5,691",8,17,71,0,0,41,23
Hope,XXXTENTACION,1,2018,3,16,3659,0,1200808494,11,10,267,0,7,146,0,0,59,23
Levitating,"Dua Lipa",1,2020,3,27,9833,0,797196073,233,82,531,1,1,103,0,0,69,90
"Wake Me Up - Radio Edit",Avicii,1,2013,1,1,50887,34,1970673297,315,160,"6,284",1,46,124,0,0,53,66
"jealousy, jealousy","Olivia Rodrigo",1,2021,5,21,3257,0,665765558,10,0,70,0,0,164,0,0,70,71
"Monï¿½ï¿½y so",YEAT,1,2021,9,10,1473,0,263779030,2,0,12,0,10,138,0,0,69,35
"Demasiadas Mujeres","C. Tangana",1,2020,10,8,2226,0,339473453,36,2,11,0,14,126,0,0,67,37
"Something Just Like This","The Chainsmokers, Coldplay",2,2017,2,22,23375,21,2147483647,336,188,"2,692",3,30,103,0,0,61,47
Closer,"The Chainsmokers, Halsey",2,2016,5,31,28032,0,2147483647,315,159,"2,179",0,44,95,0,0,75,64
O.O,NMIXX,1,2022,2,22,290,0,135444283,9,66,10,0,0,200,0,0,39,28
"Somebody That I Used To Know","Gotye, Kimbra",2,2011,1,1,42798,0,1457139296,217,136,"6,508",1,0,129,0,0,86,75
"Tom's Diner","AnnenMayKantereit, Giant Rooks",2,2019,6,28,2605,0,236872197,15,48,50,0,3,98,0,0,68,33
"First Class","Jack Harlow",1,2022,4,8,8737,0,694525298,163,32,137,15,12,107,0,0,91,32
"Plan A","Paulo Londra",1,2022,3,23,1105,0,240661097,32,0,19,0,0,174,0,0,58,56
"Fuera del mercado","Danny Ocean",1,2022,2,17,2499,21,421365166,68,24,43,1,0,92,0,0,45,27
"X ï¿½ï¿½LTIMA","Daddy Yankee, Bad Bunny",2,2022,3,25,2697,1,349746291,55,3,32,0,0,90,0,0,81,59
"When You're Gone","Shawn Mendes",1,2022,3,31,2092,0,255120451,75,11,44,0,14,147,0,0,60,58
"In My Head","Lil Tjay",1,2022,4,1,1185,0,190981339,21,0,31,0,0,143,0,0,68,41
"Wait a Minute!",Willow,1,2015,1,11,11985,0,924193303,79,80,250,3,10,101,0,0,76,63
"LOVE DIVE",IVE,1,2022,4,5,753,8,305771063,28,124,13,0,1,118,0,0,70,54
Pantysito,"Feid, Alejo, Robi",3,2022,3,18,2995,0,273005485,49,17,30,0,0,98,0,0,83,63
Chance,"Paulo Londra",1,2022,4,6,225,0,89566512,11,0,7,0,0,138,0,0,72,22
"Cool for the Summer","Demi Lovato",1,2015,1,1,9243,0,677389855,155,5,577,0,6,114,0,0,59,30
"psychofreak (feat. WILLOW)","Camila Cabello, Willow",2,2022,4,7,918,0,75476209,24,0,52,0,0,180,0,0,63,45
"Angel Baby","Troye Sivan",1,2021,9,9,1959,9,408843328,52,25,32,0,10,145,0,0,56,41
Vampiro,"Matuï¿½ï¿½, Wiu, ",3,2022,1,30,540,4,187772591,26,3,39,0,0,115,0,0,78,63
"Si Quieren Frontear","De La Ghetto, Duki, Quevedo",3,2022,3,31,859,0,178512385,14,0,11,0,0,82,0,0,79,48
"Right On","Lil Baby",1,2022,4,8,1116,0,101780047,31,9,15,0,1,166,0,0,70,22
"Me Arrepentï¿","Ak4:20, Cris Mj, Pailita",3,2022,3,30,273,2,118381354,12,2,4,0,0,92,0,0,86,91
"That's Hilarious","Charlie Puth",1,2022,4,8,686,2,146363130,11,6,12,0,15,108,0,0,71,55
"Soy El Unico","Yahritza Y Su Esencia",1,2022,3,25,226,0,126443991,5,0,4,0,1,84,0,0,71,63
RUMBATï¿½,"Daddy Yankee",1,2022,3,25,1264,0,157990698,20,4,52,0,1,95,0,0,69,90
"sentaDONA (Remix) s2","Luï¿½ï¿½sa Sonza, MC Frog, Dj Gabriel do Borel, Davi K",4,2022,3,17,870,0,176290831,32,0,49,0,0,135,0,0,93,77
Falling,"Harry Styles",1,2019,12,13,7556,0,1023187129,124,24,254,0,8,110,0,0,57,6
Sigue,"Ed Sheeran, J Balvin",2,1996,11,24,1370,0,106933107,46,8,60,0,0,88,0,0,89,59
"Fim de Semana no Rio",teto,1,2022,3,30,315,2,139193812,27,2,31,0,0,119,0,0,87,28
MANIAC,"Stray Kids",1,2022,3,18,651,0,212234990,6,188,20,0,0,120,0,0,58,71
"There's Nothing Holdin' Me Back","Shawn Mendes",1,2016,9,23,12382,0,1714490998,229,57,"1,370",2,71,122,0,0,86,97
"IDGAF (with blackbear)","Blackbear, BoyWithUke",2,2022,3,18,625,0,197643795,10,2,13,0,1,98,0,0,78,83
Golden,"Harry Styles",1,2019,12,13,8429,1,807015863,85,24,200,0,2,140,0,0,45,25
"Get Lucky - Radio Edit","Pharrell Williams, Nile Rodgers, Daft Punk",3,2013,1,1,52898,0,933815613,203,1,"8,215",0,0,116,0,0,79,87
"Ain't Shit","Doja Cat",1,2021,6,25,3436,0,499710590,32,6,46,0,1,124,0,0,86,62
"Nobody Like U - From "Turning Red"","Jordan Fisher, Josh Levi, Finneas O'Connell, 4*TOWN (From Disney and Pixarï¿½ï¿½ï¿½s Turning Red), Topher Ngo, Grayson Vill",6,2022,2,25,918,0,120847157,34,39,30,0,0,105,0,0,91,73
"Still Life",BIGBANG,1,2022,4,5,181,0,53909146,16,14,7,0,0,118,0,0,68,24
Photograph,"Ed Sheeran",1,2014,6,20,18778,3,2147483647,228,105,"2,453",0,84,108,0,0,61,20
"Love Yourself","Justin Bieber",1,2015,11,9,22730,5,2123309722,289,87,"2,430",0,36,100,0,0,61,53
N95,"Kendrick Lamar",1,2022,5,13,5542,0,301242089,52,16,65,0,206,140,0,0,81,39
"About Damn Time",Lizzo,1,2022,4,14,9021,0,723894473,242,49,272,21,24,109,0,0,84,72
"Die Hard","Kendrick Lamar, Blxst, Amanda Reifer",3,2022,5,13,4627,0,237351106,38,13,32,0,0,101,0,0,78,40
"Despuï¿½ï¿½s de la P","Bad Bunny",1,2022,5,6,2229,0,461558540,27,44,24,0,5,78,0,0,56,61
"Un Ratito","Bad Bunny",1,2022,5,6,1112,6,417230415,7,30,13,1,1,93,0,0,79,22
"United In Grief","Kendrick Lamar",1,2022,5,13,2575,0,156898322,4,5,12,0,51,87,0,0,52,32
"Father Time (feat. Sampha)","Kendrick Lamar, Sampha",2,2022,5,13,3107,0,127309180,4,0,22,0,0,153,0,0,55,50
"Yo No Soy Celoso","Bad Bunny",1,2022,5,6,1179,0,313113297,7,21,11,0,0,142,0,0,87,93
"Rich Spirit","Kendrick Lamar",1,2022,5,13,3486,0,173702135,20,10,33,0,0,96,0,0,85,41
"Cooped Up (with Roddy Ricch)","Post Malone, Roddy Ricch",2,2022,5,12,2942,0,271666301,42,28,43,0,0,125,0,0,50,39
"Me Fui de Vacaciones","Bad Bunny",1,2022,5,6,1443,0,305650299,9,11,22,1,0,85,0,0,71,43
"Silent Hill","Kendrick Lamar, Kodak Black",2,2022,5,13,3028,0,123216717,22,0,23,0,0,140,0,0,92,78
"La Corriente","Tony Dize, Bad Bunny",2,2022,5,6,1796,8,479655659,8,25,18,1,0,196,0,0,66,58
"Count Me Out","Kendrick Lamar",1,2022,5,13,2729,0,126191104,3,7,13,0,1,134,0,0,78,51
Andrea,"Buscabulla, Bad Bunny",2,2022,5,6,1195,0,344055883,8,30,13,1,1,103,0,0,80,45
"Dos Mil 16","Bad Bunny",1,2022,5,6,892,3,338422004,10,24,11,0,0,130,0,0,82,50
"We Cry Together","Kendrick Lamar, Taylour Paige",2,2022,5,13,1635,0,68895644,4,1,6,0,0,108,0,0,65,52
Savior,"Kendrick Lamar, Sam Dew, Baby Keem",3,2022,5,13,2291,0,86176890,9,0,8,0,0,123,0,0,61,66
"Un Coco","Bad Bunny",1,2022,5,6,1029,28,403231558,5,28,9,0,0,152,0,0,84,74
"Otro Atardecer","Bad Bunny, The Marï¿½ï",2,2022,5,6,1681,7,319546754,10,30,13,0,33,108,0,0,78,55
"Worldwide Steppers","Kendrick Lamar",1,2022,5,13,1480,0,61739839,1,0,5,0,0,72,0,0,56,56
Aguacero,"Bad Bunny",1,2022,5,6,829,0,283359161,4,15,10,0,0,121,0,0,86,67
"Purple Hearts","Kendrick Lamar, Ghostface Killah, Summer Walker",3,2022,5,13,2308,0,76831876,7,0,7,0,0,138,0,0,57,71
"Un Verano Sin Ti","Bad Bunny",1,2022,5,6,1004,1,283332261,8,12,9,0,0,188,0,0,50,41
"ULTRA SOLO","Polima WestCoast, Pailita",2,2022,2,14,1367,0,307752576,48,4,34,1,0,110,0,0,80,26
"Ensï¿½ï¿½ï¿½ï¿½ame ","Bad Bunny",1,2022,5,6,1112,3,279737940,7,25,12,0,0,105,0,0,81,77
"El Apagï¿½","Bad Bunny",1,2022,5,6,1209,0,212351890,9,7,14,0,1,118,0,0,63,60
Callaita,"Bad Bunny, Tainy",2,2019,5,31,9539,15,1304313953,162,116,355,7,0,176,0,0,61,24
"Dua Lipa","Jack Harlow",1,2022,5,6,1992,0,150500965,35,0,3,0,0,158,0,0,83,41
Agosto,"Bad Bunny",1,2022,5,6,897,0,246127838,6,20,8,0,0,115,0,0,85,72
"House Of Memories","Panic! At The Disco",1,2016,1,15,2948,0,582863434,10,2,150,0,0,110,0,0,51,48
"Mr. Morale","Kendrick Lamar, Tanna Leone",2,2022,5,13,1860,0,58687425,1,0,3,0,0,174,0,0,73,26
"That That (prod. & feat. SUGA of BTS)","PSY, Suga",2,2022,4,29,802,0,212109195,16,81,23,0,0,130,0,0,91,91
"In The Stars","Benson Boone",1,2022,4,29,2224,8,382199619,48,40,87,1,210,78,0,0,36,30
"Rich - Interlude","Kendrick Lamar",1,2022,5,13,1103,0,41210087,0,0,0,0,0,104,0,0,44,74
SUPERMODEL,Mï¿½ï¿½ne,1,2022,5,13,2265,0,231657891,93,12,173,11,3,121,0,0,64,80
"Stefania (Kalush Orchestra)",KALUSH,1,2022,3,10,555,0,53729194,10,4,4,0,0,105,0,0,83,32
"Thousand Miles","The Kid Laroi",1,2022,4,22,2050,0,244741137,52,9,46,0,1,81,0,0,38,20
Crown,"Kendrick Lamar",1,2022,5,13,1493,0,42485571,2,0,10,0,0,170,0,0,37,14
"Auntie Diaries","Kendrick Lamar",1,2022,5,13,1545,0,37778188,1,0,4,0,0,78,0,0,43,60
"PUFFIN ON ZOOTIEZ",Future,1,2022,4,29,2350,0,254218729,28,42,23,0,0,125,0,0,88,28
Mirror,"Kendrick Lamar",1,2022,5,13,1929,0,53603447,2,0,4,0,0,92,0,0,66,29
"Beautiful Girl",Luciano,1,2022,4,22,710,4,160035717,16,11,18,0,0,140,0,0,84,61
"Paulo Londra: Bzrp Music Sessions, Vol. 23","Bizarrap, Paulo Londra",2,2022,4,25,928,0,164163229,19,0,7,0,0,96,0,0,61,32
"Savior - Interlude","Kendrick Lamar",1,2022,5,13,1194,0,37091576,0,0,3,0,0,118,0,0,66,83
Pasoori,"Shae Gill, Ali Sethi",2,2022,2,6,349,6,284249832,10,22,3,0,0,92,0,0,71,67
"Mother I Sober (feat. Beth Gibbons of Portishead)","Kendrick Lamar, Beth Gibbons",2,2022,5,13,1890,0,33381454,3,0,2,0,0,140,0,0,49,50
"TUS Lï¿½ï¿½GR","Sech, Mora",2,2022,4,1,1308,2,184622518,23,16,9,0,5,174,0,0,68,45
"Where Did You Go?","MNEK, Jax Jones",2,2022,1,26,4531,0,300983101,135,74,119,1,18,127,0,0,77,53
"I Tried to Tell Y'all","Ugly Dray, Tesla Jnr",2,2022,5,6,1657,0,121077868,15,3,3,0,0,96,0,0,71,37
"Honest (feat. Don Toliver)","Justin Bieber, Don Toliver",2,2022,4,29,1351,0,106919680,26,1,17,0,0,150,0,0,82,82
ZOOM,Jessi,1,2022,4,13,608,0,136996305,5,29,14,0,0,100,0,0,87,46
SloMo,Chanel,1,2021,12,24,1211,0,65719930,31,0,19,0,2,105,0,0,73,59
FEARLESS,"LE SSERAFIM",1,2022,5,2,629,0,229497852,18,75,9,0,0,104,0,0,86,43
"10 Things I Hate About You","Leah Kate",1,2022,3,23,1301,0,185550869,23,1,15,0,0,154,0,0,54,45
"SPACE MAN","Sam Ryder",1,2022,2,22,1329,0,54682594,42,51,32,0,0,80,0,0,47,33
"With you","HA SUNG WOON, Jimin",2,2022,4,24,343,2,240580042,4,35,11,1,1,150,0,0,53,14
Iris,"The Goo Goo Dolls",1,1998,3,31,13101,9,1284942608,137,5,582,0,0,156,0,0,32,49
"The Heart Part 5","Kendrick Lamar",1,2022,5,8,2939,0,71423324,29,0,30,0,0,98,0,0,76,79
"San Lucas","Kevin Kaarl",1,2019,11,7,407,1,244891912,5,0,5,0,0,92,0,0,58,27
"This Love (Taylorï¿½ï¿½ï¿½s Ve","Taylor Swift",1,2022,5,6,1492,0,132171975,26,2,15,0,2,144,0,0,47,7
"Good Looking","Suki Waterhouse",1,2017,10,20,2264,0,184706613,11,6,25,0,1,150,0,0,37,27
Flowers,"Lauren Spencer Smith",1,2021,8,9,801,0,184826429,42,9,24,1,1,138,0,0,70,31
"Yet To Come",BTS,1,2022,6,10,829,0,302006641,32,110,26,0,0,172,0,0,56,68
"Run BTS",BTS,1,2022,6,10,736,0,330881149,5,132,17,0,3,77,0,0,72,70
"Music For a Sushi Restaurant","Harry Styles",1,2022,5,20,4449,1,334733572,80,11,66,0,1,107,0,0,72,36
Matilda,"Harry Styles",1,2022,5,20,3218,3,366214458,29,10,79,0,0,114,0,0,51,39
"For Youth",BTS,1,2022,6,10,327,0,114546317,5,40,12,0,0,117,0,0,63,29
Daylight,"Harry Styles",1,2022,5,20,2775,0,290833204,21,11,40,0,0,146,0,0,69,63
"Vegas (From the Original Motion Picture Soundtrack ELVIS)","Doja Cat",1,2022,5,6,4576,0,448500832,79,13,93,0,17,160,0,0,80,74
"Cash In Cash Out","Pharrell Williams, Tyler, The Creator, 21 Savage",4,2022,6,10,2313,0,136676504,34,0,29,0,0,120,0,0,88,15
"Potion (with Dua Lipa & Young Thug)","Calvin Harris, Dua Lipa, Young Thug",3,2022,5,27,3983,0,190625045,73,45,119,0,0,100,0,0,82,76
"Born Singer",BTS,1,2022,6,10,279,0,79095270,0,18,6,0,0,158,0,0,60,68
"Little Freak","Harry Styles",1,2022,5,20,2302,0,273194684,20,3,39,0,0,142,0,0,56,40
"La Llevo Al Cielo (Ft. ï¿½ï¿½engo F","Nengo Flow, Anuel Aa, Chris Jedi, Chencho Corleone",4,2022,5,20,3559,3,333146475,36,1,31,0,1,170,0,0,80,77
"True Love","Kanye West, XXXTENTACION",2,2022,5,27,2129,0,194902696,23,1,44,1,0,84,0,0,71,39
Satellite,"Harry Styles",1,2022,5,20,3291,5,311482393,43,28,79,0,208,139,0,0,58,30
"Pass The Dutchie","Musical Youth",1,1982,1,1,5328,0,195918494,54,76,900,0,0,151,0,0,73,88
"Villano Antillano: Bzrp Music Sessions, Vol. 51","Bizarrap, Villano Antillano",2,2022,6,8,1401,0,248511839,26,16,17,0,1,128,0,0,82,42
"Love Of My Life","Harry Styles",1,2022,5,20,1933,0,233671263,13,2,31,0,0,118,0,0,56,20
Grapejuice,"Harry Styles",1,2022,5,20,1986,0,199587884,7,1,15,0,0,183,0,0,65,88
"So Good",Halsey,1,2022,6,9,1057,0,91781263,51,14,19,0,0,83,0,0,63,29
"Belly Dancer","BYOR, Imanbek",2,2022,2,18,5115,13,383835984,109,38,301,1,33,122,0,0,85,42
"Keep Driving","Harry Styles",1,2022,5,20,2094,1,236060709,8,1,18,0,0,165,0,0,72,90
Cinema,"Harry Styles",1,2022,5,20,2171,0,189236868,18,1,28,0,0,106,0,0,83,90
"Die Young (feat. 347aidan)","Sleepy hallow, 347aidan",2,2022,5,25,896,0,160845341,19,0,15,0,0,77,0,0,81,68
"Only Love Can Hurt Like This","Paloma Faith",1,2014,1,1,5148,0,588955257,90,22,365,0,114,91,0,0,57,30
"Hold My Hand","Lady Gaga",1,2022,5,3,2528,0,238350348,63,8,270,2,105,148,0,0,51,21
Daydreaming,"Harry Styles",1,2022,5,20,1900,1,187703102,15,1,23,0,0,114,0,0,71,90
Numb,"Marshmello, Khalid",2,2022,6,10,3879,2,295307001,107,76,86,1,9,120,0,0,91,63
"Nos Comemos (feat. Ozuna)","Ozuna, Tiago pzk",2,2022,6,2,896,0,138334433,0,0,2,0,0,92,0,0,83,56
"Me and Your Mama","Childish Gambino",1,2016,11,10,8775,0,445590495,33,60,107,1,0,118,0,0,56,25
"Crazy What Love Can Do","David Guetta, Ella Henderson, Becky Hill",3,2022,3,18,5290,0,286739476,139,73,142,0,5,123,0,0,60,46
"SLOW DANCING IN THE DARK",Joji,1,2018,9,12,10211,0,1122364376,38,79,65,0,1,89,0,0,52,28
"Antes de Perderte",Duki,1,2022,6,2,584,8,157136970,12,1,8,0,1,110,0,0,81,61
Boyfriends,"Harry Styles",1,2022,5,20,1517,0,137070925,26,2,30,0,0,118,0,0,42,32
295,"Sidhu Moose Wala",1,2021,5,15,246,4,183273246,4,106,0,0,7,90,0,0,68,54
"Tak Ingin Usai","Keisya Levronka",1,2022,5,13,220,4,184807630,16,5,0,0,6,130,0,0,49,14
"En El Radio Un Cochinero","Victor Cibrian",1,2022,5,13,514,0,164856284,5,36,1,0,0,154,0,0,70,97
"Master of Puppets (Remastered)",Metallica,1,1986,3,3,6080,0,704171068,112,198,406,1,0,105,0,0,54,59
"BREAK MY SOUL",Beyoncï¿,1,2022,6,21,9724,0,354614964,222,61,259,14,2,115,0,0,70,87
"ULTRA SOLO REMIX","De La Ghetto, Feid, Polima WestCoast, Paloma Mami, Pailita",5,2022,6,16,2341,0,279717388,37,2,38,2,0,110,0,0,91,59
Massive,Drake,1,2022,6,17,5263,0,195628667,66,89,61,0,11,125,0,0,51,5
"Betty (Get Money)","Yung Gravy",1,2022,6,10,2402,0,221752937,45,2,26,0,1,102,0,0,73,62
"Ojos Marrones",Lasso,1,2022,2,6,795,11,263280370,26,18,15,1,4,120,0,0,81,72
POP!,Nayeon,1,2022,6,24,571,0,213505179,19,21,14,0,2,97,0,0,80,36
Layla,"Schï¿½ï¿½rze, DJ R",2,2022,3,24,832,3,130419412,18,124,24,1,0,140,0,0,44,41
MORE,j-hope,1,2022,7,1,565,0,155795783,6,52,11,0,0,97,0,0,78,31
"Sweet Child O' Mine","Guns N' Roses",1,1987,1,1,41231,1,1553497987,228,151,"6,720",3,99,125,0,0,45,67
"Last Last","Burna Boy",1,2022,5,12,4526,12,293466523,156,275,150,3,128,88,0,0,80,55
SNAP,"Rosa Linn",1,2022,3,19,1818,0,711366595,3,0,63,0,353,170,0,0,56,52
Sticky,Drake,1,2022,6,17,2814,0,191448892,38,105,25,0,2,137,0,0,88,8
"Hot Shit (feat. Ye & Lil Durk)","Kanye West, Lil Durk, Cardi B",3,2022,7,1,1601,0,85924992,11,0,2,0,0,157,0,0,88,52
"Ai Preto","L7nnon, DJ Biel do Furduncinho, Bianca",3,2022,6,3,894,4,176103902,28,0,54,0,0,130,0,0,95,83
"La Loto","Anitta, Tini, Becky G",3,2022,7,6,945,0,121189256,49,3,57,0,0,90,0,0,85,80
"die first","Nessa Barrett",1,2022,6,24,767,0,131746175,25,0,22,0,0,183,0,0,44,44
"Afraid To Feel","LF System",1,2022,5,2,5898,5,244790012,129,55,128,0,101,128,0,0,58,68
"Baile no Morro","Mc Vitin Da Igrejinha, MC Tairon, DJ Win",3,2022,6,10,685,2,129314708,17,0,24,0,30,130,0,0,71,78
"cï¿½ï¿½mo dormi","Rels B",1,2022,8,4,1452,35,331511413,16,15,20,0,0,126,0,0,63,56
"Bad Decisions (with BTS & Snoop Dogg)","Snoop Dogg, BTS, Benny Blanco",3,2022,8,5,1456,0,219196651,53,2,33,0,0,120,0,0,77,94
"STAYING ALIVE (feat. Drake & Lil Baby)","Drake, DJ Khaled, Lil Baby",3,2022,8,5,2107,0,170732845,51,1,50,0,0,130,0,0,72,18
Caile,"Luar La L",1,2020,12,18,1494,2,273914335,17,12,15,0,0,122,0,0,70,46
"Si Te La Encuentras Por Ahï¿",Feid,1,2022,8,5,1379,4,179061440,23,10,18,0,0,172,0,0,74,46
GIVENCHY,Duki,1,2022,7,20,625,4,185236961,13,18,12,0,0,103,0,0,61,38
"ALIEN SUPERSTAR",Beyoncï¿,1,2022,7,29,2688,0,171788484,39,47,36,0,0,122,0,0,55,46
"Mary On A Cross",Ghost,1,2019,9,13,2668,2,387080183,38,266,78,0,141,130,0,0,47,56
Attention,NewJeans,1,2022,8,1,799,12,264717480,14,141,9,0,1,105,0,0,81,70
"THE SHADE","Rex Orange County",1,2022,3,11,1189,6,244928911,17,10,16,0,4,120,0,0,90,73
"Come Back Home - From "Purple Hearts"","Sofia Carson",1,2022,7,12,367,0,97610446,28,67,195,0,0,145,0,0,56,43
"El Rescate","Grupo Marca Registrada, Junior H",2,2022,7,22,527,4,287278853,10,43,3,1,0,99,0,0,79,64
Heartless,"Kanye West",1,2008,1,1,17504,34,887906111,63,39,"1,315",0,2,88,0,0,79,66
"Stay With Me (with Justin Timberlake, Halsey, & Pharrell)","Calvin Harris, Halsey, Pharrell Williams, Justin Timberlake",4,2022,7,15,3113,0,123473120,54,6,124,1,0,126,0,0,81,90
"Siempre Pendientes","Peso Pluma, Luis R Conriquez",2,2022,8,15,685,5,295152154,15,79,4,2,0,136,0,0,77,71
JGL,"Luis R Conriquez, La Adictiva",2,2022,2,18,782,9,323455692,15,33,6,1,0,113,0,0,70,97
"Don't You Worry","David Guetta, Shakira, Black Eyed Peas",3,2022,6,16,2442,0,240918092,81,4,248,1,6,132,0,0,82,49
Pipoco,"Melody, Ana Castela, Dj Chris No Beat",3,2022,5,20,1112,4,191873381,22,2,65,1,3,135,0,0,77,74
"Hold Me Closer","Elton John, Britney Spears",2,2017,11,10,4967,0,284216603,165,10,177,4,73,126,0,0,67,49
"Forget Me","Lewis Capaldi",1,2022,9,9,2520,4,239411309,93,95,84,9,202,102,0,0,67,72
"After LIKE",IVE,1,2022,8,22,767,12,265548837,20,129,11,0,12,125,0,0,68,80
"Bound 2","Kanye West",1,2013,1,1,19806,7,703301727,33,11,274,0,0,149,0,0,37,28
"B.O.T.A. (Baddest Of Them All) - Edit","Interplanetary Criminal, Eliza Rose",2,2022,6,15,5153,6,244585109,102,53,113,12,0,137,0,0,74,71
"Talk that Talk",TWICE,1,2022,8,26,615,0,189476119,14,77,15,1,2,120,0,0,77,78
"BILLIE EILISH.","Armani White",1,2022,1,20,2537,0,277132266,49,1,67,11,1,100,0,0,90,75
"Ferxxo 100",Feid,1,2022,6,3,1647,30,278920007,20,49,23,2,2,164,0,0,70,58
"KU LO SA - A COLORS SHOW",Oxlade,1,2022,6,10,2019,8,222410722,117,72,107,1,7,93,0,0,65,79
Prohibidox,Feid,1,2022,9,13,1473,12,185392587,25,36,25,1,0,180,0,0,65,52
Static,"Steve Lacy",1,2022,7,15,1613,0,202452860,21,15,13,0,0,79,0,0,34,22
"The Scientist",Coldplay,1,2002,8,5,30992,6,1608164312,124,25,"7,827",1,0,146,0,0,56,21
Sparks,Coldplay,1,2000,7,10,10826,4,624101957,24,0,805,0,0,103,0,0,37,17
Talk,YEAT,1,2022,9,2,920,0,148461629,10,1,8,0,0,140,0,0,70,26
"XQ Te Pones Asï¿","Yandel, Feid",2,2022,9,13,308,0,47093942,6,1,6,0,0,92,0,0,81,48
Selfish,"PnB Rock",1,2016,6,23,2468,0,380319238,15,0,0,0,0,102,0,0,64,4
"Sin Seï¿½ï","Ovy On The Drums, Quevedo",2,2022,7,22,1097,2,209106362,18,10,13,1,1,118,0,0,82,75
"Lady Mi Amor",Feid,1,2022,9,13,330,0,53987404,3,0,2,0,0,93,0,0,78,75
Poland,"Lil Yachty",1,2022,6,23,1584,0,115331792,38,0,24,0,0,150,0,0,70,26
"THE LONELIEST",Mï¿½ï¿½ne,1,2022,10,7,1585,5,225093344,78,65,328,1,198,130,0,0,52,24
"Bye Bye","Marshmello, Juice WRLD",2,2022,10,14,766,0,84697729,16,0,9,0,0,83,0,0,65,24
"BABY OTAKU","Fran C, Polima WestCoast, Nickoog Clk, Pablito Pesadilla",4,2022,8,18,836,0,159240673,14,1,13,0,0,102,0,0,84,43
Nxde,(G)I-DLE,1,2022,10,17,430,6,170709584,14,116,9,0,11,136,0,0,73,65
"Miss You",Southstar,1,1982,5,16,2020,0,154356956,77,10,119,0,40,145,0,0,66,24
"we fell in love in october","girl in red",1,2018,11,21,6858,0,723043854,31,21,15,0,4,130,0,0,57,24
"2 Be Loved (Am I Ready)",Lizzo,1,2022,7,14,3682,6,247689123,41,0,158,2,68,156,0,0,72,92
Celestial,"Ed Sheeran",1,2022,9,29,1639,0,176474912,86,14,80,0,37,123,0,0,57,50
"Typa Girl",BLACKPINK,1,2022,9,16,452,10,235549288,2,129,13,0,1,132,0,0,92,53
"I Really Want to Stay at Your House","Rosa Walton, Hallie Coggins",2,2020,12,18,668,1,140430339,0,0,31,0,0,125,0,0,49,13
"California Breeze","Lil Baby",1,2022,10,14,991,0,85559365,36,38,13,0,3,162,0,0,74,22
"Bamba (feat. Aitch & BIA)","Luciano, Aitch, Bï¿½",3,2022,9,22,869,7,146223492,14,12,12,2,28,138,0,0,80,82
"Casei Com a Putaria","MC Ryan SP, Love Funk, Mc Paiva ZS",3,2022,7,1,648,4,187701588,0,0,30,0,0,161,0,0,59,62
"Major Distribution","Drake, 21 Savage",2,2022,11,4,1545,0,154863153,22,7,15,0,0,131,0,0,91,23
"Pussy & Millions (feat. Travis Scott)","Drake, Travis Scott, 21 Savage",3,2022,11,4,1930,0,191333656,24,8,17,0,1,122,0,0,75,45
"Vigilante Shit","Taylor Swift",1,2022,10,21,1948,0,253650850,12,9,16,0,0,80,0,0,80,16
Question...?,"Taylor Swift",1,2022,10,21,1608,0,223064273,10,3,12,0,0,109,0,0,75,11
"On BS","Drake, 21 Savage",2,2022,11,4,1338,0,170413877,9,20,7,0,0,158,0,0,84,33
Mastermind,"Taylor Swift",1,2022,10,21,1936,0,218320587,7,5,13,0,0,126,0,0,66,12
"Circo Loco","Drake, 21 Savage",2,2022,11,4,1794,0,141720999,26,9,17,0,3,104,0,0,73,25
Labyrinth,"Taylor Swift",1,2022,10,21,1597,0,187339835,6,3,15,0,0,110,0,0,48,15
"Spin Bout U","Drake, 21 Savage",2,2022,11,4,1652,2,198365537,26,52,10,0,95,130,0,0,77,20
"Sweet Nothing","Taylor Swift",1,2022,10,21,1747,0,186104310,9,6,13,0,2,177,0,0,34,39
"Would've, Could've, Should've","Taylor Swift",1,2022,10,21,1715,0,177503916,4,5,8,0,0,158,0,0,48,55
"Con La Brisa","Ludwig Goransson, Foudeqush",2,2022,11,4,486,0,71095708,8,1,7,0,0,114,0,0,62,25
"Privileged Rappers","Drake, 21 Savage",2,2022,11,4,1007,0,112436403,6,5,3,0,0,144,0,0,93,62
"The Astronaut",Jin,1,2022,10,28,481,9,203436468,10,100,15,1,27,125,0,0,54,22
BackOutsideBoyz,Drake,1,2022,11,4,1045,0,93367537,8,5,2,0,0,142,0,0,85,40
"Broke Boys","Drake, 21 Savage",2,2022,11,4,1060,0,106249219,3,8,5,0,0,120,0,0,64,11
"The Great War","Taylor Swift",1,2022,10,21,1274,0,181382590,1,6,11,0,0,96,0,0,57,55
"My Mind & Me","Selena Gomez",1,2022,11,3,953,0,91473363,61,13,37,1,0,144,0,0,60,24
"Bigger Than The Whole Sky","Taylor Swift",1,2022,10,21,1180,0,121871870,4,0,8,0,0,166,0,0,42,7
"A Veces (feat. Feid)","Feid, Paulo Londra",2,2022,11,3,573,0,73513683,2,0,7,0,0,92,0,0,80,81
"En La De Ella","Feid, Sech, Jhayco",3,2022,10,20,1320,0,133895612,29,26,17,0,0,97,0,0,82,67
Alone,"Burna Boy",1,2022,11,4,782,2,96007391,27,18,32,1,0,90,0,0,61,32
